t_ms,t_s,sweep_idx,direction,servo_us,count,count_zero,count_delta,theta_deg,theta_rad,segment
4,0.004,0,center,1450,0,0,0,0.000000,0.00000000,baseline_center
258,0.258,0,center,1450,0,0,0,0.000000,0.00000000,baseline_center
512,0.512,0,center,1450,0,0,0,0.000000,0.00000000,baseline_center
766,0.766,0,center,1450,0,0,0,0.000000,0.00000000,baseline_center
2771,2.771,1,up,450,586,0,586,87.900000,1.53414450,sweep
3120,3.120,1,up,475,581,0,581,87.149992,1.52105440,sweep
3378,3.378,1,up,500,565,0,565,84.750000,1.47916660,sweep
3680,3.680,1,up,525,550,0,550,82.500000,1.43989670,sweep
3971,3.971,1,up,550,536,0,536,80.400000,1.40324470,sweep
4262,4.262,1,up,575,518,0,518,77.700008,1.35612080,sweep
4553,4.553,1,up,600,505,0,505,75.750000,1.32208690,sweep
4841,4.841,1,up,625,489,0,489,73.350000,1.28019900,sweep
5127,5.127,1,up,650,470,0,470,70.500000,1.23045720,sweep
5509,5.509,1,up,675,458,0,458,68.700000,1.19904120,sweep
5803,5.803,1,up,700,448,0,448,67.200000,1.17286130,sweep
6096,6.096,1,up,725,432,0,432,64.800000,1.13097340,sweep
6391,6.391,1,up,750,417,0,417,62.550000,1.09170340,sweep
6683,6.683,1,up,775,406,0,406,60.900000,1.06290560,sweep
6975,6.975,1,up,800,390,0,390,58.499996,1.02101760,sweep
7268,7.268,1,up,825,373,0,373,55.950000,0.97651180,sweep
7560,7.560,1,up,850,363,0,363,54.450000,0.95033180,sweep
7855,7.855,1,up,875,347,0,347,52.050000,0.90844384,sweep
8154,8.154,1,up,900,334,0,334,50.100004,0.87441000,sweep
8556,8.556,1,up,925,324,0,324,48.600004,0.84823008,sweep
8851,8.851,1,up,950,310,0,310,46.500000,0.81157810,sweep
9145,9.145,1,up,975,291,0,291,43.650000,0.76183630,sweep
9439,9.439,1,up,1000,278,0,278,41.700000,0.72780232,sweep
9734,9.734,1,up,1025,263,0,263,39.450000,0.68853240,sweep
10034,10.034,1,up,1050,246,0,246,36.900000,0.64402650,sweep
10334,10.334,1,up,1075,236,0,236,35.400000,0.61784660,sweep
10633,10.633,1,up,1100,213,0,213,31.949998,0.55763270,sweep
10935,10.935,1,up,1125,196,0,196,29.400000,0.51312680,sweep
11231,11.231,1,up,1150,185,0,185,27.750000,0.48432890,sweep
11623,11.623,1,up,1175,168,0,168,25.200000,0.43982296,sweep
11921,11.921,1,up,1200,151,0,151,22.650000,0.39531708,sweep
12220,12.220,1,up,1225,139,0,139,20.850000,0.36390116,sweep
12526,12.526,1,up,1250,123,0,123,18.450000,0.32201326,sweep
12829,12.829,1,up,1275,108,0,108,16.200000,0.28274336,sweep
13128,13.128,1,up,1300,93,0,93,13.950000,0.24347344,sweep
13429,13.429,1,up,1325,79,0,79,11.849999,0.20682152,sweep
13728,13.728,1,up,1350,58,0,58,8.700000,0.15184365,sweep
14029,14.029,1,up,1375,47,0,47,7.050000,0.12304571,sweep
14332,14.332,1,up,1400,28,0,28,4.200000,0.07330383,sweep
14750,14.750,1,up,1425,14,0,14,2.100000,0.03665192,sweep
15057,15.057,1,up,1450,3,0,3,0.450000,0.00785398,sweep
15360,15.360,1,up,1475,-14,0,-14,-2.100000,-0.03665192,sweep
15663,15.663,1,up,1500,-29,0,-29,-4.350000,-0.07592182,sweep
15964,15.964,1,up,1525,-41,0,-41,-6.150000,-0.10733776,sweep
16265,16.265,1,up,1550,-56,0,-56,-8.400000,-0.14660766,sweep
16570,16.570,1,up,1575,-70,0,-70,-10.500000,-0.18325958,sweep
16878,16.878,1,up,1600,-87,0,-87,-13.049999,-0.22776548,sweep
17186,17.186,1,up,1625,-104,0,-104,-15.599999,-0.27227136,sweep
17493,17.493,1,up,1650,-119,0,-119,-17.850000,-0.31154130,sweep
17901,17.901,1,up,1675,-139,0,-139,-20.850000,-0.36390116,sweep
18204,18.204,1,up,1700,-152,0,-152,-22.800000,-0.39793508,sweep
18510,18.510,1,up,1725,-168,0,-168,-25.200000,-0.43982296,sweep
18814,18.814,1,up,1750,-187,0,-187,-28.050000,-0.48956488,sweep
19119,19.119,1,up,1775,-204,0,-204,-30.600000,-0.53407080,sweep
19428,19.428,1,up,1800,-216,0,-216,-32.400000,-0.56548670,sweep
19735,19.735,1,up,1825,-237,0,-237,-35.550000,-0.62046456,sweep
20042,20.042,1,up,1850,-254,0,-254,-38.100004,-0.66497048,sweep
20352,20.352,1,up,1875,-266,0,-266,-39.899996,-0.69638640,sweep
20661,20.661,1,up,1900,-285,0,-285,-42.750000,-0.74612824,sweep
21070,21.070,1,up,1925,-301,0,-301,-45.150000,-0.78801620,sweep
21379,21.379,1,up,1950,-317,0,-317,-47.550000,-0.82990400,sweep
21689,21.689,1,up,1975,-333,0,-333,-49.950000,-0.87179200,sweep
21998,21.998,1,up,2000,-348,0,-348,-52.199996,-0.91106190,sweep
22345,22.345,1,up,2025,-358,0,-358,-53.700000,-0.93724184,sweep
22631,22.631,1,up,2050,-378,0,-378,-56.700000,-0.98960176,sweep
22920,22.920,1,up,2075,-391,0,-391,-58.649996,-1.02363560,sweep
23208,23.208,1,up,2100,-400,0,-400,-60.000000,-1.04719760,sweep
23496,23.496,1,up,2125,-416,0,-416,-62.399996,-1.08908550,sweep
23789,23.789,1,up,2150,-433,0,-433,-64.950008,-1.13359140,sweep
24186,24.186,1,up,2175,-446,0,-446,-66.900000,-1.16762530,sweep
24477,24.477,1,up,2200,-460,0,-460,-69.000000,-1.20427720,sweep
24765,24.765,1,up,2225,-478,0,-478,-71.700008,-1.25140120,sweep
25053,25.053,1,up,2250,-491,0,-491,-73.650000,-1.28543510,sweep
25341,25.341,1,up,2275,-508,0,-508,-76.200008,-1.32994090,sweep
25633,25.633,1,up,2300,-525,0,-525,-78.750000,-1.37444690,sweep
25930,25.930,1,up,2325,-538,0,-538,-80.700000,-1.40848080,sweep
26228,26.228,1,up,2350,-553,0,-553,-82.950008,-1.44775070,sweep
26521,26.521,1,up,2375,-568,0,-568,-85.200000,-1.48702050,sweep
26821,26.821,1,up,2400,-583,0,-583,-87.450008,-1.52629050,sweep
27210,27.210,1,up,2425,-599,0,-599,-89.850000,-1.56817840,sweep
27501,27.501,1,up,2450,-617,0,-617,-92.549992,-1.61530220,sweep
27794,27.794,1,down,2450,-617,0,-617,-92.549992,-1.61530220,sweep
28086,28.086,1,down,2425,-606,0,-606,-90.900000,-1.58650430,sweep
28381,28.381,1,down,2400,-589,0,-589,-88.350000,-1.54199850,sweep
28679,28.679,1,down,2375,-570,0,-570,-85.500000,-1.49225650,sweep
28978,28.978,1,down,2350,-561,0,-561,-84.150000,-1.46869460,sweep
29277,29.277,1,down,2325,-544,0,-544,-81.600008,-1.42418870,sweep
29572,29.572,1,down,2300,-529,0,-529,-79.350000,-1.38491880,sweep
29867,29.867,1,down,2275,-515,0,-515,-77.250000,-1.34826700,sweep
30258,30.258,1,down,2250,-500,0,-500,-75.000000,-1.30899690,sweep
30556,30.556,1,down,2225,-483,0,-483,-72.450000,-1.26449110,sweep
30860,30.860,1,down,2200,-471,0,-471,-70.650000,-1.23307520,sweep
31156,31.156,1,down,2175,-454,0,-454,-68.100000,-1.18856920,sweep
31456,31.456,1,down,2150,-440,0,-440,-66.000000,-1.15191730,sweep
31755,31.755,1,down,2125,-426,0,-426,-63.899996,-1.11526540,sweep
32054,32.054,1,down,2100,-409,0,-409,-61.350004,-1.07075950,sweep
32355,32.355,1,down,2075,-396,0,-396,-59.400000,-1.03672560,sweep
32654,32.654,1,down,2050,-386,0,-386,-57.899996,-1.01054560,sweep
32953,32.953,1,down,2025,-370,0,-370,-55.500000,-0.96865780,sweep
33362,33.362,1,down,2000,-357,0,-357,-53.550004,-0.93462390,sweep
33665,33.665,1,down,1975,-341,0,-341,-51.149996,-0.89273600,sweep
33973,33.973,1,down,1950,-326,0,-326,-48.900000,-0.85346600,sweep
34281,34.281,1,down,1925,-311,0,-311,-46.649996,-0.81419610,sweep
34584,34.584,1,down,1900,-297,0,-297,-44.550000,-0.77754420,sweep
34887,34.887,1,down,1875,-280,0,-280,-42.000000,-0.73303830,sweep
35187,35.187,1,down,1850,-266,0,-266,-39.899996,-0.69638640,sweep
35494,35.494,1,down,1825,-250,0,-250,-37.500000,-0.65449848,sweep
35803,35.803,1,down,1800,-234,0,-234,-35.100000,-0.61261060,sweep
36105,36.105,1,down,1775,-219,0,-219,-32.850004,-0.57334070,sweep
36508,36.508,1,down,1750,-203,0,-203,-30.450000,-0.53145280,sweep
36810,36.810,1,down,1725,-182,0,-182,-27.300002,-0.47647490,sweep
37114,37.114,1,down,1700,-171,0,-171,-25.650000,-0.44767696,sweep
37418,37.418,1,down,1675,-156,0,-156,-23.400000,-0.40840704,sweep
37723,37.723,1,down,1650,-140,0,-140,-21.000000,-0.36651916,sweep
38035,38.035,1,down,1625,-123,0,-123,-18.450000,-0.32201326,sweep
38344,38.344,1,down,1600,-106,0,-106,-15.900000,-0.27750736,sweep
38652,38.652,1,down,1575,-89,0,-89,-13.349999,-0.23300146,sweep
38969,38.969,1,down,1550,-76,0,-76,-11.400000,-0.19896752,sweep
39274,39.274,1,down,1525,-60,0,-60,-9.000000,-0.15707964,sweep
39673,39.673,1,down,1500,-47,0,-47,-7.050000,-0.12304571,sweep
39980,39.980,1,down,1475,-33,0,-33,-4.950000,-0.08639380,sweep
40286,40.286,1,down,1450,-16,0,-16,-2.400000,-0.04188790,sweep
40598,40.598,1,down,1425,-3,0,-3,-0.450000,-0.00785398,sweep
40907,40.907,1,down,1400,7,0,7,1.050000,0.01832596,sweep
41219,41.219,1,down,1375,23,0,23,3.450000,0.06021386,sweep
41530,41.530,1,down,1350,39,0,39,5.850000,0.10210176,sweep
41869,41.869,1,down,1325,55,0,55,8.250000,0.14398966,sweep
42156,42.156,1,down,1300,72,0,72,10.800000,0.18849556,sweep
42443,42.443,1,down,1275,89,0,89,13.349999,0.23300146,sweep
42839,42.839,1,down,1250,103,0,103,15.450000,0.26965338,sweep
43131,43.131,1,down,1225,117,0,117,17.550000,0.30630530,sweep
43419,43.419,1,down,1200,134,0,134,20.100000,0.35081120,sweep
43713,43.713,1,down,1175,146,0,146,21.900002,0.38222712,sweep
44003,44.003,1,down,1150,161,0,161,24.150002,0.42149704,sweep
44296,44.296,1,down,1125,179,0,179,26.850000,0.46862092,sweep
44587,44.587,1,down,1100,194,0,194,29.099998,0.50789080,sweep
44879,44.879,1,down,1075,210,0,210,31.500000,0.54977870,sweep
45171,45.171,1,down,1050,228,0,228,34.200000,0.59690260,sweep
45465,45.465,1,down,1025,241,0,241,36.150000,0.63093656,sweep
45856,45.856,1,down,1000,259,0,259,38.850004,0.67806040,sweep
46151,46.151,1,down,975,274,0,274,41.100004,0.71733032,sweep
46444,46.444,1,down,950,288,0,288,43.200000,0.75398224,sweep
46735,46.735,1,down,925,305,0,305,45.750000,0.79848816,sweep
47031,47.031,1,down,900,321,0,321,48.150000,0.84037610,sweep
47326,47.326,1,down,875,331,0,331,49.650000,0.86655600,sweep
47620,47.620,1,down,850,346,0,346,51.899996,0.90582590,sweep
47914,47.914,1,down,825,360,0,360,54.000004,0.94247790,sweep
48209,48.209,1,down,800,375,0,375,56.250000,0.98174776,sweep
48502,48.502,1,down,775,390,0,390,58.499996,1.02101760,sweep
48894,48.894,1,down,750,404,0,404,60.600004,1.05766950,sweep
49189,49.189,1,down,725,419,0,419,62.850000,1.09693940,sweep
49488,49.488,1,down,700,437,0,437,65.550000,1.14406340,sweep
49787,49.787,1,down,675,451,0,451,67.650000,1.18071530,sweep
50085,50.085,1,down,650,464,0,464,69.600000,1.21474920,sweep
50379,50.379,1,down,625,482,0,482,72.300000,1.26187310,sweep
50673,50.673,1,down,600,500,0,500,75.000000,1.30899690,sweep
50967,50.967,1,down,575,511,0,511,76.650000,1.33779490,sweep
51262,51.262,1,down,550,529,0,529,79.350000,1.38491880,sweep
51558,51.558,1,down,525,542,0,542,81.299992,1.41895270,sweep
51954,51.954,1,down,500,559,0,559,83.850000,1.46345860,sweep
52252,52.252,1,down,475,573,0,573,85.950000,1.50011050,sweep
52558,52.558,1,down,450,587,0,587,88.050000,1.53676250,sweep
52863,52.863,2,up,450,587,0,587,88.050000,1.53676250,sweep
53159,53.159,2,up,475,582,0,582,87.300000,1.52367260,sweep
53457,53.457,2,up,500,567,0,567,85.050000,1.48440250,sweep
53758,53.758,2,up,525,549,0,549,82.350000,1.43727880,sweep
54056,54.056,2,up,550,536,0,536,80.400000,1.40324470,sweep
54357,54.357,2,up,575,519,0,519,77.850000,1.35873890,sweep
54656,54.656,2,up,600,506,0,506,75.899992,1.32470490,sweep
55058,55.058,2,up,625,490,0,490,73.500000,1.28281700,sweep
55359,55.359,2,up,650,470,0,470,70.500000,1.23045720,sweep
55659,55.659,2,up,675,458,0,458,68.700000,1.19904120,sweep
55957,55.957,2,up,700,449,0,449,67.350000,1.17547930,sweep
56258,56.258,2,up,725,432,0,432,64.800000,1.13097340,sweep
56557,56.557,2,up,750,418,0,418,62.700000,1.09432150,sweep
56859,56.859,2,up,775,406,0,406,60.900000,1.06290560,sweep
57161,57.161,2,up,800,390,0,390,58.499996,1.02101760,sweep
57469,57.469,2,up,825,374,0,374,56.100000,0.97912976,sweep
57782,57.782,2,up,850,364,0,364,54.600004,0.95294980,sweep
58183,58.183,2,up,875,347,0,347,52.050000,0.90844384,sweep
58485,58.485,2,up,900,334,0,334,50.100004,0.87441000,sweep
58790,58.790,2,up,925,323,0,323,48.450000,0.84561210,sweep
59094,59.094,2,up,950,310,0,310,46.500000,0.81157810,sweep
59403,59.403,2,up,975,291,0,291,43.650000,0.76183630,sweep
59708,59.708,2,up,1000,278,0,278,41.700000,0.72780232,sweep
60019,60.019,2,up,1025,263,0,263,39.450000,0.68853240,sweep
60329,60.329,2,up,1050,245,0,245,36.750000,0.64140850,sweep
60632,60.632,2,up,1075,236,0,236,35.400000,0.61784660,sweep
60938,60.938,2,up,1100,214,0,214,32.100000,0.56025070,sweep
61343,61.343,2,up,1125,195,0,195,29.249998,0.51050880,sweep
61651,61.651,2,up,1150,185,0,185,27.750000,0.48432890,sweep
61971,61.971,2,up,1175,168,0,168,25.200000,0.43982296,sweep
62289,62.289,2,up,1200,151,0,151,22.650000,0.39531708,sweep
62599,62.599,2,up,1225,139,0,139,20.850000,0.36390116,sweep
62944,62.944,2,up,1250,123,0,123,18.450000,0.32201326,sweep
63237,63.237,2,up,1275,106,0,106,15.900000,0.27750736,sweep
63522,63.522,2,up,1300,93,0,93,13.950000,0.24347344,sweep
63811,63.811,2,up,1325,79,0,79,11.849999,0.20682152,sweep
64104,64.104,2,up,1350,60,0,60,9.000000,0.15707964,sweep
64491,64.491,2,up,1375,46,0,46,6.900000,0.12042772,sweep
64784,64.784,2,up,1400,27,0,27,4.050000,0.07068584,sweep
65080,65.080,2,up,1425,16,0,16,2.400000,0.04188790,sweep
65368,65.368,2,up,1450,3,0,3,0.450000,0.00785398,sweep
65654,65.654,2,up,1475,-14,0,-14,-2.100000,-0.03665192,sweep
65943,65.943,2,up,1500,-29,0,-29,-4.350000,-0.07592182,sweep
66236,66.236,2,up,1525,-42,0,-42,-6.300000,-0.10995574,sweep
66530,66.530,2,up,1550,-56,0,-56,-8.400000,-0.14660766,sweep
66823,66.823,2,up,1575,-70,0,-70,-10.500000,-0.18325958,sweep
67116,67.116,2,up,1600,-86,0,-86,-12.900000,-0.22514748,sweep
67504,67.504,2,up,1625,-104,0,-104,-15.599999,-0.27227136,sweep
67800,67.800,2,up,1650,-120,0,-120,-18.000000,-0.31415928,sweep
68093,68.093,2,up,1675,-141,0,-141,-21.150000,-0.36913716,sweep
68392,68.392,2,up,1700,-152,0,-152,-22.800000,-0.39793508,sweep
68692,68.692,2,up,1725,-168,0,-168,-25.200000,-0.43982296,sweep
68989,68.989,2,up,1750,-189,0,-189,-28.350000,-0.49480088,sweep
69291,69.291,2,up,1775,-205,0,-205,-30.750000,-0.53668876,sweep
69587,69.587,2,up,1800,-217,0,-217,-32.550004,-0.56810470,sweep
69880,69.880,2,up,1825,-238,0,-238,-35.700000,-0.62308260,sweep
70175,70.175,2,up,1850,-255,0,-255,-38.250000,-0.66758850,sweep
70567,70.567,2,up,1875,-267,0,-267,-40.050000,-0.69900440,sweep
70865,70.865,2,up,1900,-285,0,-285,-42.750000,-0.74612824,sweep
71164,71.164,2,up,1925,-301,0,-301,-45.150000,-0.78801620,sweep
71457,71.457,2,up,1950,-318,0,-318,-47.699996,-0.83252200,sweep
71754,71.754,2,up,1975,-332,0,-332,-49.800000,-0.86917400,sweep
72047,72.047,2,up,2000,-349,0,-349,-52.350000,-0.91367984,sweep
72345,72.345,2,up,2025,-360,0,-360,-54.000004,-0.94247790,sweep
72646,72.646,2,up,2050,-380,0,-380,-57.000000,-0.99483770,sweep
72945,72.945,2,up,2075,-392,0,-392,-58.800000,-1.02625360,sweep
73243,73.243,2,up,2100,-401,0,-401,-60.150000,-1.04981560,sweep
73638,73.638,2,up,2125,-418,0,-418,-62.700000,-1.09432150,sweep
73936,73.936,2,up,2150,-434,0,-434,-65.100008,-1.13620940,sweep
74234,74.234,2,up,2175,-447,0,-447,-67.050000,-1.17024330,sweep
74534,74.534,2,up,2200,-462,0,-462,-69.299992,-1.20951320,sweep
74841,74.841,2,up,2225,-478,0,-478,-71.700008,-1.25140120,sweep
75148,75.148,2,up,2250,-493,0,-493,-73.950000,-1.29067100,sweep
75449,75.449,2,up,2275,-508,0,-508,-76.200008,-1.32994090,sweep
75749,75.749,2,up,2300,-526,0,-526,-78.900000,-1.37706480,sweep
76051,76.051,2,up,2325,-538,0,-538,-80.700000,-1.40848080,sweep
76351,76.351,2,up,2350,-554,0,-554,-83.100000,-1.45036860,sweep
76760,76.760,2,up,2375,-568,0,-568,-85.200000,-1.48702050,sweep
77063,77.063,2,up,2400,-586,0,-586,-87.900000,-1.53414450,sweep
77367,77.367,2,up,2425,-600,0,-600,-90.000000,-1.57079640,sweep
77666,77.666,2,up,2450,-617,0,-617,-92.549992,-1.61530220,sweep
77968,77.968,2,down,2450,-617,0,-617,-92.549992,-1.61530220,sweep
78274,78.274,2,down,2425,-606,0,-606,-90.900000,-1.58650430,sweep
78579,78.579,2,down,2400,-590,0,-590,-88.500000,-1.54461650,sweep
78883,78.883,2,down,2375,-571,0,-571,-85.650000,-1.49487450,sweep
79188,79.188,2,down,2350,-561,0,-561,-84.150000,-1.46869460,sweep
79490,79.490,2,down,2325,-544,0,-544,-81.600008,-1.42418870,sweep
79893,79.893,2,down,2300,-529,0,-529,-79.350000,-1.38491880,sweep
80197,80.197,2,down,2275,-515,0,-515,-77.250000,-1.34826700,sweep
80503,80.503,2,down,2250,-499,0,-499,-74.850000,-1.30637900,sweep
80808,80.808,2,down,2225,-484,0,-484,-72.600000,-1.26710900,sweep
81118,81.118,2,down,2200,-470,0,-470,-70.500000,-1.23045720,sweep
81427,81.427,2,down,2175,-455,0,-455,-68.250000,-1.19118730,sweep
81732,81.732,2,down,2150,-440,0,-440,-66.000000,-1.15191730,sweep
82038,82.038,2,down,2125,-425,0,-425,-63.750000,-1.11264740,sweep
82347,82.347,2,down,2100,-410,0,-410,-61.500000,-1.07337750,sweep
82658,82.658,2,down,2075,-396,0,-396,-59.400000,-1.03672560,sweep
83097,83.097,2,down,2050,-386,0,-386,-57.899996,-1.01054560,sweep
83387,83.387,2,down,2025,-370,0,-370,-55.500000,-0.96865780,sweep
83677,83.677,2,down,2000,-357,0,-357,-53.550004,-0.93462390,sweep
83964,83.964,2,down,1975,-341,0,-341,-51.149996,-0.89273600,sweep
84256,84.256,2,down,1950,-327,0,-327,-49.050004,-0.85608400,sweep
84547,84.547,2,down,1925,-311,0,-311,-46.649996,-0.81419610,sweep
84836,84.836,2,down,1900,-297,0,-297,-44.550000,-0.77754420,sweep
85126,85.126,2,down,1875,-279,0,-279,-41.850000,-0.73042030,sweep
85420,85.420,2,down,1850,-266,0,-266,-39.899996,-0.69638640,sweep
85718,85.718,2,down,1825,-250,0,-250,-37.500000,-0.65449848,sweep
86109,86.109,2,down,1800,-234,0,-234,-35.100000,-0.61261060,sweep
86402,86.402,2,down,1775,-219,0,-219,-32.850004,-0.57334070,sweep
86693,86.693,2,down,1750,-204,0,-204,-30.600000,-0.53407080,sweep
86983,86.983,2,down,1725,-183,0,-183,-27.450000,-0.47909290,sweep
87275,87.275,2,down,1700,-172,0,-172,-25.800000,-0.45029492,sweep
87570,87.570,2,down,1675,-156,0,-156,-23.400000,-0.40840704,sweep
87865,87.865,2,down,1650,-139,0,-139,-20.850000,-0.36390116,sweep
88165,88.165,2,down,1625,-124,0,-124,-18.600000,-0.32463124,sweep
88462,88.462,2,down,1600,-107,0,-107,-16.050000,-0.28012536,sweep
88756,88.756,2,down,1575,-90,0,-90,-13.500001,-0.23561948,sweep
89148,89.148,2,down,1550,-76,0,-76,-11.400000,-0.19896752,sweep
89445,89.445,2,down,1525,-61,0,-61,-9.150000,-0.15969764,sweep
89741,89.741,2,down,1500,-47,0,-47,-7.050000,-0.12304571,sweep
90044,90.044,2,down,1475,-34,0,-34,-5.100000,-0.08901180,sweep
90344,90.344,2,down,1450,-16,0,-16,-2.400000,-0.04188790,sweep
90644,90.644,2,down,1425,-4,0,-4,-0.600000,-0.01047198,sweep
90944,90.944,2,down,1400,7,0,7,1.050000,0.01832596,sweep
91241,91.241,2,down,1375,22,0,22,3.300000,0.05759586,sweep
91540,91.540,2,down,1350,39,0,39,5.850000,0.10210176,sweep
91837,91.837,2,down,1325,57,0,57,8.550000,0.14922565,sweep
92235,92.235,2,down,1300,72,0,72,10.800000,0.18849556,sweep
92538,92.538,2,down,1275,88,0,88,13.200000,0.23038346,sweep
92839,92.839,2,down,1250,102,0,102,15.300000,0.26703540,sweep
93146,93.146,2,down,1225,117,0,117,17.550000,0.30630530,sweep
93448,93.448,2,down,1200,134,0,134,20.100000,0.35081120,sweep
93748,93.748,2,down,1175,146,0,146,21.900002,0.38222712,sweep
94048,94.048,2,down,1150,161,0,161,24.150002,0.42149704,sweep
94350,94.350,2,down,1125,179,0,179,26.850000,0.46862092,sweep
94652,94.652,2,down,1100,194,0,194,29.099998,0.50789080,sweep
94955,94.955,2,down,1075,210,0,210,31.500000,0.54977870,sweep
95352,95.352,2,down,1050,227,0,227,34.050000,0.59428460,sweep
95656,95.656,2,down,1025,240,0,240,36.000000,0.62831852,sweep
95957,95.957,2,down,1000,259,0,259,38.850004,0.67806040,sweep
96257,96.257,2,down,975,273,0,273,40.950000,0.71471240,sweep
96560,96.560,2,down,950,289,0,289,43.350000,0.75660024,sweep
96862,96.862,2,down,925,306,0,306,45.899996,0.80110616,sweep
97174,97.174,2,down,900,321,0,321,48.150000,0.84037610,sweep
97479,97.479,2,down,875,331,0,331,49.650000,0.86655600,sweep
97782,97.782,2,down,850,346,0,346,51.899996,0.90582590,sweep
98086,98.086,2,down,825,360,0,360,54.000004,0.94247790,sweep
98487,98.487,2,down,800,375,0,375,56.250000,0.98174776,sweep
98790,98.790,2,down,775,390,0,390,58.499996,1.02101760,sweep
99098,99.098,2,down,750,405,0,405,60.750000,1.06028760,sweep
99404,99.404,2,down,725,419,0,419,62.850000,1.09693940,sweep
99712,99.712,2,down,700,438,0,438,65.700008,1.14668140,sweep
100020,100.020,2,down,675,452,0,452,67.800000,1.18333330,sweep
100324,100.324,2,down,650,463,0,463,69.450000,1.21213120,sweep
100627,100.627,2,down,625,482,0,482,72.300000,1.26187310,sweep
100930,100.930,2,down,600,501,0,501,75.150000,1.31161500,sweep
101243,101.243,2,down,575,511,0,511,76.650000,1.33779490,sweep
101648,101.648,2,down,550,528,0,528,79.200000,1.38230080,sweep
101954,101.954,2,down,525,542,0,542,81.299992,1.41895270,sweep
102262,102.262,2,down,500,559,0,559,83.850000,1.46345860,sweep
102568,102.568,2,down,475,574,0,574,86.100000,1.50272850,sweep
102875,102.875,2,down,450,587,0,587,88.050000,1.53676250,sweep
