t_ms,t_s,phase,count,p_m,p_ref_m,v_mps,theta_hat_rad,T_hat_N,theta_cmd_rad,T_cmd_N,servo_us,esc_us
8,0.008,control,-3542,0.00003,-0.10000,0.00022,0.00000,2.57400,-1.04720,2.57400,2000,1700
26,0.026,control,-3542,0.00003,-0.10000,0.00028,-0.85836,2.57400,-0.44416,2.57400,1629,1700
46,0.046,control,-3575,0.00054,-0.10000,0.00386,-0.51885,2.57400,-0.70022,2.57400,1790,1700
66,0.066,control,-3661,0.00187,-0.10000,0.01423,-0.66751,2.57400,-0.64332,2.57400,1754,1700
86,0.086,control,-3725,0.00285,-0.10000,0.02403,-0.64768,2.57400,-0.69967,2.57400,1790,1700
128,0.128,control,-3697,0.00242,-0.10000,0.02395,-0.69029,2.57400,-0.66488,2.57400,1768,1700
147,0.147,control,-3611,0.00110,-0.10000,0.01107,-0.66946,2.57400,-0.62356,2.57400,1742,1700
167,0.167,control,-3457,-0.00128,-0.10000,-0.01871,-0.63184,2.57400,-0.52783,2.57400,1681,1700
187,0.187,control,-3172,-0.00568,-0.10000,-0.06534,-0.54658,2.57400,-0.38941,2.57400,1594,1700
207,0.207,control,-2821,-0.01109,-0.10000,-0.11422,-0.41775,2.57400,-0.26367,2.57400,1515,1700
229,0.229,control,-2409,-0.01745,-0.10000,-0.16409,-0.29145,2.57400,-0.12303,2.57400,1427,1700
248,0.248,control,-1969,-0.02424,-0.10000,-0.20994,-0.15340,2.57400,0.00072,2.57400,1349,1700
268,0.268,control,-1525,-0.03109,-0.10000,-0.24087,-0.02707,2.57400,0.08460,2.57400,1296,1700
288,0.288,control,-1116,-0.03740,-0.10000,-0.25641,0.06447,2.57400,0.13704,2.57400,1263,1700
308,0.308,control,-738,-0.04323,-0.10000,-0.25740,0.12396,2.57400,0.15948,2.57400,1249,1700
328,0.328,control,-404,-0.04839,-0.10000,-0.24625,0.15307,2.57400,0.15650,2.57400,1251,1700
348,0.348,control,-139,-0.05248,-0.10000,-0.22357,0.15588,2.57400,0.12323,2.57400,1272,1700
368,0.368,control,20,-0.05493,-0.10000,-0.18977,0.12912,2.57400,0.05729,2.57400,1313,1700
388,0.388,control,-24,-0.05425,-0.10000,-0.13405,0.07024,2.57400,-0.09047,2.57400,1406,1700
408,0.408,control,-162,-0.05212,-0.10000,-0.06635,-0.06149,2.57400,-0.24126,2.57400,1501,1700
428,0.428,control,-344,-0.04931,-0.10000,0.00224,-0.20884,2.57400,-0.39108,2.57400,1595,1700
449,0.449,control,-521,-0.04658,-0.10000,0.05910,-0.35821,2.57400,-0.50036,2.57400,1664,1700
468,0.468,control,-668,-0.04431,-0.10000,0.08729,-0.47473,2.57400,-0.53419,2.57400,1686,1700
488,0.488,control,-754,-0.04299,-0.10000,0.09013,-0.52347,2.57400,-0.52305,2.57400,1678,1700
508,0.508,control,-765,-0.04282,-0.10000,0.07251,-0.52313,2.57400,-0.46750,2.57400,1644,1700
528,0.528,control,-700,-0.04382,-0.10000,0.04109,-0.47753,2.57400,-0.38640,2.57400,1593,1700
548,0.548,control,-438,-0.04786,-0.10000,-0.01252,-0.40284,2.57400,-0.22148,2.57400,1489,1700
568,0.568,control,-79,-0.05340,-0.10000,-0.07666,-0.25419,2.57400,-0.05850,2.57400,1386,1700
588,0.588,control,323,-0.05960,-0.10000,-0.14051,-0.09379,2.57400,0.10220,2.57400,1285,1700
608,0.608,control,735,-0.06596,-0.10000,-0.19714,0.06685,2.57400,0.24075,2.57400,1198,1700
628,0.628,control,1117,-0.07186,-0.10000,-0.22709,0.20939,2.57400,0.30001,2.57400,1161,1700
648,0.648,control,1433,-0.07673,-0.10000,-0.23144,0.28367,2.57400,0.31296,2.57400,1153,1700
668,0.668,control,1672,-0.08042,-0.10000,-0.21513,0.30768,2.57400,0.28140,2.57400,1173,1700
690,0.690,control,1850,-0.08317,-0.10000,-0.18497,0.28614,2.57400,0.22675,2.57400,1207,1700
709,0.709,control,1925,-0.08432,-0.10000,-0.14276,0.23746,2.57400,0.13520,2.57400,1264,1700
729,0.729,control,1849,-0.08315,-0.10000,-0.08776,0.15364,2.57400,0.00218,2.57400,1348,1700
749,0.749,control,1583,-0.07905,-0.10000,-0.01672,0.02950,2.57400,-0.18557,2.57400,1466,1700
769,0.769,control,1250,-0.07391,-0.10000,0.05979,-0.14679,2.57400,-0.36529,2.57400,1579,1700
789,0.789,control,921,-0.06883,-0.10000,0.12638,-0.32589,2.57400,-0.50997,2.57400,1670,1700
809,0.809,control,606,-0.06397,-0.10000,0.17217,-0.47677,2.57400,-0.60428,2.57400,1730,1700
829,0.829,control,348,-0.05999,-0.10000,0.18504,-0.58129,2.57400,-0.61446,2.57400,1736,1700
850,0.850,control,153,-0.05698,-0.10000,0.17400,-0.60848,2.57400,-0.59074,2.57400,1721,1700
870,0.870,control,62,-0.05558,-0.10000,0.14498,-0.59394,2.57400,-0.52085,2.57400,1677,1700
891,0.891,control,86,-0.05595,-0.10000,0.09966,-0.53403,2.57400,-0.41104,2.57400,1608,1700
935,0.935,control,662,-0.06484,-0.10000,-0.00402,-0.43322,2.57400,-0.05013,2.57400,1381,1700
954,0.954,control,1080,-0.07128,-0.10000,-0.10133,-0.11921,2.57400,0.11436,2.57400,1278,1700
974,0.974,control,1480,-0.07746,-0.10000,-0.18355,0.07224,2.57400,0.31292,2.57400,1153,1700
994,0.994,control,1864,-0.08338,-0.10000,-0.24710,0.26952,2.57400,0.44376,2.57400,1070,1700
1014,1.014,control,2232,-0.08906,-0.10000,-0.24370,0.41234,2.57400,0.39156,2.57400,1103,1700
1035,1.035,control,2574,-0.09434,-0.10000,-0.23447,0.39531,2.57400,0.42866,2.57400,1080,1700
1055,1.055,control,2865,-0.09883,-0.10000,-0.21993,0.42264,2.57400,0.40891,2.57400,1092,1700
1075,1.075,control,3103,-0.10250,-0.10000,-0.19980,0.41139,2.57400,0.38950,2.57400,1105,1700
1095,1.095,control,3267,-0.10503,-0.10000,-0.17173,0.39345,2.57400,0.33689,2.57400,1138,1700
1115,1.115,control,3323,-0.10589,-0.10000,-0.13242,0.34709,2.57400,0.25010,2.57400,1192,1700
1135,1.135,control,3261,-0.10494,-0.10000,-0.08250,0.26759,2.57400,0.13291,2.57400,1266,1700
1157,1.157,control,2963,-0.10034,-0.10000,-0.00963,0.15720,2.57400,-0.07566,2.57400,1397,1700
1176,1.176,control,2581,-0.09444,-0.10000,0.07120,-0.03367,2.57400,-0.26717,2.57400,1518,1700
1196,1.196,control,2172,-0.08813,-0.10000,0.14568,-0.22506,2.57400,-0.44189,2.57400,1627,1700
1216,1.216,control,1768,-0.08190,-0.10000,0.20496,-0.40279,2.57400,-0.57578,2.57400,1712,1700
1236,1.236,control,1400,-0.07622,-0.10000,0.23030,-0.54458,2.57400,-0.61824,2.57400,1738,1700
1256,1.256,control,1060,-0.07098,-0.10000,0.23337,-0.60496,2.57400,-0.64070,2.57400,1752,1700
1276,1.276,control,781,-0.06667,-0.10000,0.22025,-0.63425,2.57400,-0.62228,2.57400,1741,1700
1296,1.296,control,587,-0.06368,-0.10000,0.19363,-0.62444,2.57400,-0.57355,2.57400,1710,1700
1316,1.316,control,497,-0.06229,-0.10000,0.15562,-0.58272,2.57400,-0.49323,2.57400,1660,1700
1336,1.336,control,524,-0.06271,-0.10000,0.10458,-0.50937,2.57400,-0.37371,2.57400,1585,1700
1356,1.356,control,732,-0.06592,-0.10000,0.03667,-0.39817,2.57400,-0.19645,2.57400,1473,1700
1378,1.378,control,1093,-0.07149,-0.10000,-0.04365,-0.23282,2.57400,0.00796,2.57400,1344,1700
1397,1.397,control,1485,-0.07753,-0.10000,-0.11981,-0.03546,2.57400,0.18123,2.57400,1236,1700
1417,1.417,control,1887,-0.08374,-0.10000,-0.18316,0.14215,2.57400,0.32817,2.57400,1143,1700
1437,1.437,control,2285,-0.08988,-0.10000,-0.22268,0.29462,2.57400,0.41431,2.57400,1089,1700
1457,1.457,control,2668,-0.09579,-0.10000,-0.23692,0.39273,2.57400,0.45365,2.57400,1064,1700
1477,1.477,control,3016,-0.10116,-0.10000,-0.23643,0.44266,2.57400,0.47315,2.57400,1052,1700
1497,1.497,control,3304,-0.10560,-0.10000,-0.22398,0.46765,2.57400,0.46138,2.57400,1059,1700
1517,1.517,control,3515,-0.10886,-0.10000,-0.20004,0.46251,2.57400,0.42087,2.57400,1085,1700
1537,1.537,control,3645,-0.11086,-0.10000,-0.16554,0.42838,2.57400,0.35314,2.57400,1127,1700
1557,1.557,control,3679,-0.11139,-0.10000,-0.12127,0.36671,2.57400,0.25739,2.57400,1188,1700
1577,1.577,control,3588,-0.10998,-0.10000,-0.06705,0.27710,2.57400,0.12859,2.57400,1269,1700
1598,1.598,control,3259,-0.10491,-0.10000,0.00753,0.15537,2.57400,-0.08263,2.57400,1401,1700
1617,1.617,control,2845,-0.09852,-0.10000,0.08867,-0.03971,2.57400,-0.27732,2.57400,1524,1700
1637,1.637,control,2415,-0.09188,-0.10000,0.16312,-0.23448,2.57400,-0.45301,2.57400,1634,1700
1657,1.657,control,1989,-0.08531,-0.10000,0.22164,-0.41360,2.57400,-0.58698,2.57400,1719,1700
1677,1.677,control,1592,-0.07918,-0.10000,0.24654,-0.55571,2.57400,-0.63245,2.57400,1747,1700
1697,1.697,control,1227,-0.07355,-0.10000,0.24872,-0.61861,2.57400,-0.65426,2.57400,1761,1700
1717,1.717,control,942,-0.06916,-0.10000,0.23371,-0.64783,2.57400,-0.63069,2.57400,1746,1700
1738,1.738,control,725,-0.06581,-0.10000,0.20663,-0.63378,2.57400,-0.58716,2.57400,1719,1700
1758,1.758,control,623,-0.06423,-0.10000,0.16665,-0.59557,2.57400,-0.49988,2.57400,1664,1700
1778,1.778,control,622,-0.06422,-0.10000,0.11534,-0.51713,2.57400,-0.38758,2.57400,1593,1700
1798,1.798,control,803,-0.06701,-0.10000,0.04961,-0.41094,2.57400,-0.21830,2.57400,1487,1700
1845,1.845,control,1574,-0.07891,-0.10000,-0.07681,-0.25304,2.57400,0.20828,2.57400,1218,1700
1864,1.864,control,1910,-0.08409,-0.10000,-0.16205,0.12509,2.57400,0.27492,2.57400,1177,1700
1884,1.884,control,2242,-0.08921,-0.10000,-0.22359,0.24790,2.57400,0.44321,2.57400,1071,1700
1904,1.904,control,2530,-0.09366,-0.10000,-0.25360,0.40799,2.57400,0.47514,2.57400,1051,1700
1924,1.924,control,2749,-0.09704,-0.10000,-0.20299,0.46303,2.57400,0.30637,2.57400,1157,1700
1944,1.944,control,2916,-0.09961,-0.10000,-0.16955,0.33462,2.57400,0.31448,2.57400,1152,1700
1964,1.964,control,3047,-0.10163,-0.10000,-0.13781,0.31811,2.57400,0.24354,2.57400,1196,1700
1984,1.984,control,3114,-0.10267,-0.10000,-0.10442,0.25699,2.57400,0.18827,2.57400,1231,1700
2004,2.004,control,3057,-0.10179,-0.10000,-0.06459,0.20066,2.57400,0.08856,2.57400,1294,1700
2024,2.024,control,2779,-0.09750,-0.10000,-0.00458,0.10877,2.57400,-0.08779,2.57400,1405,1700
2045,2.045,control,2445,-0.09235,-0.10000,0.06365,-0.05234,2.57400,-0.25130,2.57400,1508,1700
2064,2.064,control,2103,-0.08707,-0.10000,0.12829,-0.21542,2.57400,-0.40300,2.57400,1603,1700
2084,2.084,control,1780,-0.08209,-0.10000,0.17641,-0.36918,2.57400,-0.50421,2.57400,1667,1700
2104,2.104,control,1503,-0.07781,-0.10000,0.19074,-0.47986,2.57400,-0.51788,2.57400,1675,1700
2124,2.124,control,1284,-0.07443,-0.10000,0.18262,-0.51102,2.57400,-0.50478,2.57400,1667,1700
2144,2.144,control,1137,-0.07216,-0.10000,0.15912,-0.50591,2.57400,-0.45534,2.57400,1636,1700
2164,2.164,control,1092,-0.07147,-0.10000,0.12205,-0.46446,2.57400,-0.37063,2.57400,1583,1700
2184,2.184,control,1195,-0.07306,-0.10000,0.06988,-0.38755,2.57400,-0.23766,2.57400,1499,1700
2205,2.205,control,1480,-0.07746,-0.10000,-0.00021,-0.26469,2.57400,-0.04906,2.57400,1380,1700
2225,2.225,control,1783,-0.08213,-0.10000,-0.06983,-0.08795,2.57400,0.10302,2.57400,1285,1700
2245,2.245,control,2086,-0.08681,-0.10000,-0.12831,0.06858,2.57400,0.23288,2.57400,1203,1700
2267,2.267,control,2393,-0.09154,-0.10000,-0.16789,0.20325,2.57400,0.31701,2.57400,1150,1700
2286,2.286,control,2639,-0.09534,-0.10000,-0.17555,0.29650,2.57400,0.31615,2.57400,1151,1700
2306,2.306,control,2806,-0.09792,-0.10000,-0.16316,0.31260,2.57400,0.29130,2.57400,1166,1700
2326,2.326,control,2912,-0.09955,-0.10000,-0.13816,0.29514,2.57400,0.23904,2.57400,1199,1700
2346,2.346,control,2953,-0.10018,-0.10000,-0.10193,0.24915,2.57400,0.15964,2.57400,1249,1700
2366,2.366,control,2877,-0.09901,-0.10000,-0.05629,0.17578,2.57400,0.04984,2.57400,1318,1700
2386,2.386,control,2615,-0.09497,-0.10000,0.00374,0.07255,2.57400,-0.11599,2.57400,1422,1700
2406,2.406,control,2299,-0.09009,-0.10000,0.06733,-0.08199,2.57400,-0.26606,2.57400,1517,1700
2426,2.426,control,1981,-0.08519,-0.10000,0.12518,-0.23287,2.57400,-0.40028,2.57400,1601,1700
2446,2.446,control,1679,-0.08053,-0.10000,0.16695,-0.37009,2.57400,-0.48896,2.57400,1657,1700
2466,2.466,control,1447,-0.07695,-0.10000,0.17624,-0.46752,2.57400,-0.48821,2.57400,1657,1700
2488,2.488,control,1263,-0.07411,-0.10000,0.16477,-0.48448,2.57400,-0.46852,2.57400,1644,1700
2507,2.507,control,1162,-0.07255,-0.10000,0.13789,-0.47140,2.57400,-0.40621,2.57400,1605,1700
2527,2.527,control,1178,-0.07280,-0.10000,0.09548,-0.41796,2.57400,-0.30265,2.57400,1540,1700
2547,2.547,control,1406,-0.07631,-0.10000,0.03307,-0.32344,2.57400,-0.12841,2.57400,1430,1700
2567,2.567,control,1666,-0.08033,-0.10000,-0.03361,-0.16358,2.57400,0.01896,2.57400,1338,1700
2587,2.587,control,1928,-0.08437,-0.10000,-0.09282,-0.01396,2.57400,0.14946,2.57400,1255,1700
2607,2.607,control,2191,-0.08843,-0.10000,-0.13726,0.11999,2.57400,0.24289,2.57400,1197,1700
2627,2.627,control,2424,-0.09202,-0.10000,-0.15113,0.22073,2.57400,0.25495,2.57400,1189,1700
2647,2.647,control,2597,-0.09469,-0.10000,-0.14589,0.24878,2.57400,0.24605,2.57400,1195,1700
2667,2.667,control,2705,-0.09636,-0.10000,-0.12769,0.24654,2.57400,0.20559,2.57400,1220,1700
2687,2.687,control,2734,-0.09681,-0.10000,-0.09695,0.21297,2.57400,0.13346,2.57400,1266,1700
2734,2.734,control,2299,-0.09009,-0.10000,-0.01559,0.14780,2.57400,-0.15686,2.57400,1448,1700
2753,2.753,control,2065,-0.08648,-0.10000,0.05278,-0.10192,2.57400,-0.24230,2.57400,1502,1700
2773,2.773,control,1887,-0.08374,-0.10000,0.10419,-0.21698,2.57400,-0.35803,2.57400,1575,1700
2793,2.793,control,1669,-0.08037,-0.10000,0.14628,-0.33260,2.57400,-0.44944,2.57400,1632,1700
2813,2.813,control,1472,-0.07733,-0.10000,0.13321,-0.42837,2.57400,-0.37111,2.57400,1583,1700
2833,2.833,control,1312,-0.07486,-0.10000,0.12129,-0.38144,2.57400,-0.39107,2.57400,1595,1700
2853,2.853,control,1196,-0.07307,-0.10000,0.11102,-0.38933,2.57400,-0.37069,2.57400,1583,1700
2873,2.873,control,1180,-0.07283,-0.10000,0.08612,-0.37405,2.57400,-0.30266,2.57400,1540,1700
2893,2.893,control,1291,-0.07454,-0.10000,0.04539,-0.31554,2.57400,-0.19280,2.57400,1471,1700
2913,2.913,control,1553,-0.07858,-0.10000,-0.01241,-0.21493,2.57400,-0.03240,2.57400,1370,1700
2933,2.933,control,1842,-0.08304,-0.10000,-0.07350,-0.06531,2.57400,0.10859,2.57400,1281,1700
2954,2.954,control,2114,-0.08724,-0.10000,-0.12293,0.07723,2.57400,0.21373,2.57400,1215,1700
2973,2.973,control,2381,-0.09136,-0.10000,-0.15461,0.18911,2.57400,0.28163,2.57400,1172,1700
2993,2.993,control,2604,-0.09480,-0.10000,-0.15990,0.26494,2.57400,0.28157,2.57400,1172,1700
3013,3.013,control,2743,-0.09694,-0.10000,-0.14528,0.27857,2.57400,0.24668,2.57400,1194,1700
3033,3.033,control,2810,-0.09798,-0.10000,-0.11876,0.25243,2.57400,0.18922,2.57400,1230,1700
3053,3.053,control,2788,-0.09764,-0.10000,-0.07959,0.20062,2.57400,0.09413,2.57400,1290,1700
3073,3.073,control,2577,-0.09438,-0.10000,-0.02096,0.11333,2.57400,-0.07011,2.57400,1394,1700
3093,3.093,control,2298,-0.09008,-0.10000,0.04178,-0.03703,2.57400,-0.21435,2.57400,1484,1700
3113,3.113,control,1993,-0.08537,-0.10000,0.10077,-0.18238,2.57400,-0.35412,2.57400,1572,1700
3144,3.144,control,1702,-0.08088,-0.10000,0.14753,-0.32315,2.57400,-0.45483,2.57400,1636,1700
3153,3.153,control,1432,-0.07672,-0.10000,0.16793,-0.43108,2.57400,-0.48913,2.57400,1657,1700
3174,3.174,control,1214,-0.07335,-0.10000,0.16746,-0.47866,2.57400,-0.48933,2.57400,1657,1700
3193,3.193,control,1061,-0.07099,-0.10000,0.15090,-0.48740,2.57400,-0.45378,2.57400,1635,1700
3213,3.213,control,999,-0.07004,-0.10000,0.12120,-0.45985,2.57400,-0.38614,2.57400,1592,1700
3233,3.233,control,1068,-0.07110,-0.10000,0.07567,-0.39943,2.57400,-0.26875,2.57400,1519,1700
3253,3.253,control,1333,-0.07519,-0.10000,0.00985,-0.29231,2.57400,-0.08622,2.57400,1404,1700
3273,3.273,control,1612,-0.07949,-0.10000,-0.05656,-0.12339,2.57400,0.05695,2.57400,1314,1700
3293,3.293,control,1891,-0.08380,-0.10000,-0.11331,0.02443,2.57400,0.18343,2.57400,1234,1700
3313,3.313,control,2169,-0.08809,-0.10000,-0.15291,0.15476,2.57400,0.26601,2.57400,1182,1700
3333,3.333,control,2417,-0.09191,-0.10000,-0.16295,0.24595,2.57400,0.27471,2.57400,1177,1700
3353,3.353,control,2614,-0.09495,-0.10000,-0.15711,0.26952,2.57400,0.27085,2.57400,1179,1700
3373,3.373,control,2764,-0.09727,-0.10000,-0.14142,0.27061,2.57400,0.24306,2.57400,1197,1700
3395,3.395,control,2857,-0.09870,-0.10000,-0.11674,0.24803,2.57400,0.19330,2.57400,1228,1700
3414,3.414,control,2843,-0.09849,-0.10000,-0.08103,0.20317,2.57400,0.10594,2.57400,1283,1700
3434,3.434,control,2636,-0.09529,-0.10000,-0.02669,0.12347,2.57400,-0.04900,2.57400,1380,1700
3454,3.454,control,2365,-0.09111,-0.10000,0.03509,-0.01790,2.57400,-0.19515,2.57400,1472,1700
3474,3.474,control,2076,-0.08665,-0.10000,0.09488,-0.16318,2.57400,-0.33496,2.57400,1560,1700
3494,3.494,control,1786,-0.08218,-0.10000,0.14263,-0.30398,2.57400,-0.43873,2.57400,1625,1700
3514,3.514,control,1521,-0.07809,-0.10000,0.16322,-0.41443,2.57400,-0.47108,2.57400,1646,1700
3534,3.534,control,1316,-0.07493,-0.10000,0.16226,-0.46086,2.57400,-0.46840,2.57400,1644,1700
3554,3.554,control,1180,-0.07283,-0.10000,0.14545,-0.46705,2.57400,-0.43109,2.57400,1621,1700
3574,3.574,control,1126,-0.07199,-0.10000,0.11492,-0.43757,2.57400,-0.36078,2.57400,1576,1700
3594,3.594,control,1205,-0.07321,-0.10000,0.06861,-0.37463,2.57400,-0.24097,2.57400,1501,1700
3639,3.639,control,1781,-0.08210,-0.10000,-0.02964,-0.26508,2.57400,0.09604,2.57400,1289,1700
3658,3.658,control,2025,-0.08587,-0.10000,-0.10016,0.03092,2.57400,0.15754,2.57400,1250,1700
3678,3.678,control,2267,-0.08960,-0.10000,-0.15328,0.13470,2.57400,0.29719,2.57400,1163,1700
3698,3.698,control,2487,-0.09299,-0.10000,-0.18445,0.26789,2.57400,0.34083,2.57400,1135,1700
3718,3.718,control,2664,-0.09573,-0.10000,-0.15071,0.32767,2.57400,0.21706,2.57400,1213,1700
3738,3.738,control,2791,-0.09768,-0.10000,-0.12795,0.23701,2.57400,0.22703,2.57400,1207,1700
3758,3.758,control,2844,-0.09850,-0.10000,-0.10070,0.22883,2.57400,0.15233,2.57400,1254,1700
3778,3.778,control,2760,-0.09721,-0.10000,-0.05970,0.16612,2.57400,0.04889,2.57400,1319,1700
3798,3.798,control,2520,-0.09350,-0.10000,-0.00236,0.07003,2.57400,-0.10963,2.57400,1418,1700
3818,3.818,control,2258,-0.08946,-0.10000,0.05686,-0.07723,2.57400,-0.24181,2.57400,1502,1700
3838,3.838,control,2007,-0.08559,-0.10000,0.10746,-0.21214,2.57400,-0.35276,2.57400,1571,1700
3860,3.860,control,1752,-0.08165,-0.10000,0.14111,-0.32740,2.57400,-0.42278,2.57400,1615,1700
3879,3.879,control,1550,-0.07854,-0.10000,0.14710,-0.40558,2.57400,-0.41996,2.57400,1614,1700
3899,3.899,control,1426,-0.07662,-0.10000,0.13399,-0.41736,2.57400,-0.38886,2.57400,1594,1700
3919,3.919,control,1387,-0.07602,-0.10000,0.10716,-0.39400,2.57400,-0.32393,2.57400,1553,1700
3939,3.939,control,1488,-0.07758,-0.10000,0.06066,-0.33657,2.57400,-0.19608,2.57400,1473,1700
3959,3.959,control,1736,-0.08141,-0.10000,-0.00189,-0.22142,2.57400,-0.03265,2.57400,1370,1700
3979,3.979,control,2004,-0.08554,-0.10000,-0.06300,-0.06669,2.57400,0.10141,2.57400,1286,1700
3999,3.999,control,2279,-0.08978,-0.10000,-0.11524,0.07110,2.57400,0.21958,2.57400,1211,1700
4019,4.019,control,2533,-0.09370,-0.10000,-0.14744,0.19281,2.57400,0.28017,2.57400,1173,1700
4039,4.039,control,2741,-0.09691,-0.10000,-0.15278,0.26441,2.57400,0.28081,2.57400,1173,1700
4059,4.059,control,2880,-0.09906,-0.10000,-0.14045,0.27786,2.57400,0.25351,2.57400,1190,1700
4081,4.081,control,2957,-0.10025,-0.10000,-0.11536,0.25790,2.57400,0.19802,2.57400,1225,1700
4100,4.100,control,2916,-0.09961,-0.10000,-0.07598,0.20882,2.57400,0.09723,2.57400,1288,1700
4120,4.120,control,2689,-0.09611,-0.10000,-0.01718,0.11736,2.57400,-0.06721,2.57400,1392,1700
4141,4.141,control,2379,-0.09133,-0.10000,0.04896,-0.03393,2.57400,-0.22693,2.57400,1492,1700
4161,4.161,control,2079,-0.08670,-0.10000,0.10952,-0.19212,2.57400,-0.36194,2.57400,1577,1700
4181,4.181,control,1780,-0.08209,-0.10000,0.15555,-0.33132,2.57400,-0.46270,2.57400,1641,1700
4201,4.201,control,1517,-0.07803,-0.10000,0.17325,-0.43901,2.57400,-0.48722,2.57400,1656,1700
4221,4.221,control,1321,-0.07500,-0.10000,0.16625,-0.47852,2.57400,-0.46818,2.57400,1644,1700
4241,4.241,control,1197,-0.07309,-0.10000,0.14514,-0.47004,2.57400,-0.42520,2.57400,1617,1700
4261,4.261,control,1168,-0.07264,-0.10000,0.10964,-0.43328,2.57400,-0.33976,2.57400,1563,1700
4281,4.281,control,1320,-0.07499,-0.10000,0.05417,-0.35663,2.57400,-0.18789,2.57400,1468,1700
4302,4.302,control,1587,-0.07911,-0.10000,-0.01248,-0.21832,2.57400,-0.02431,2.57400,1365,1700
4321,4.321,control,1860,-0.08332,-0.10000,-0.07535,-0.05929,2.57400,0.11332,2.57400,1278,1700
4341,4.341,control,2128,-0.08746,-0.10000,-0.12629,0.08219,2.57400,0.22349,2.57400,1209,1700
4361,4.361,control,2377,-0.09130,-0.10000,-0.15205,0.19801,2.57400,0.26637,2.57400,1182,1700
4381,4.381,control,2596,-0.09468,-0.10000,-0.15459,0.25404,2.57400,0.27062,2.57400,1179,1700
4401,4.401,control,2749,-0.09704,-0.10000,-0.14240,0.26763,2.57400,0.24591,2.57400,1195,1700
4421,4.421,control,2830,-0.09829,-0.10000,-0.11854,0.24983,2.57400,0.19357,2.57400,1228,1700
4441,4.441,control,2807,-0.09793,-0.10000,-0.08201,0.20371,2.57400,0.10292,2.57400,1285,1700
4461,4.461,control,2600,-0.09474,-0.10000,-0.02503,0.12110,2.57400,-0.05855,2.57400,1386,1700
4481,4.481,control,2353,-0.09093,-0.10000,0.03526,-0.02615,2.57400,-0.19184,2.57400,1470,1700
4501,4.501,control,2078,-0.08668,-0.10000,0.09180,-0.16196,2.57400,-0.32543,2.57400,1554,1700
4540,4.540,control,1588,-0.07912,-0.10000,0.15920,-0.29595,2.57400,-0.53054,2.57400,1683,1700
4559,4.559,control,1408,-0.07635,-0.10000,0.17651,-0.48824,2.57400,-0.48081,2.57400,1652,1700
4579,4.579,control,1286,-0.07446,-0.10000,0.16820,-0.48215,2.57400,-0.47765,2.57400,1650,1700
4599,4.599,control,1254,-0.07397,-0.10000,0.13946,-0.47846,2.57400,-0.39150,2.57400,1596,1700
4619,4.619,control,1361,-0.07562,-0.10000,0.06635,-0.40718,2.57400,-0.18549,2.57400,1466,1700
4639,4.639,control,1624,-0.07968,-0.10000,-0.00342,-0.22547,2.57400,-0.04289,2.57400,1376,1700
4659,4.659,control,1906,-0.08403,-0.10000,-0.06799,-0.07581,2.57400,0.10833,2.57400,1281,1700
4679,4.679,control,2177,-0.08821,-0.10000,-0.12009,0.07512,2.57400,0.21611,2.57400,1214,1700
4699,4.699,control,2457,-0.09253,-0.10000,-0.15440,0.19069,2.57400,0.29213,2.57400,1166,1700
4719,4.719,control,2712,-0.09647,-0.10000,-0.16383,0.27384,2.57400,0.30561,2.57400,1157,1700
4741,4.741,control,2922,-0.09971,-0.10000,-0.15889,0.29988,2.57400,0.30504,2.57400,1158,1700
4760,4.760,control,3034,-0.10143,-0.10000,-0.14023,0.30411,2.57400,0.25919,2.57400,1186,1700
4780,4.780,control,3061,-0.10185,-0.10000,-0.10730,0.26729,2.57400,0.18188,2.57400,1235,1700
4800,4.800,control,2992,-0.10079,-0.10000,-0.06243,0.19728,2.57400,0.07338,2.57400,1303,1700
4820,4.820,control,2715,-0.09651,-0.10000,0.00363,0.09572,2.57400,-0.11577,2.57400,1422,1700
4840,4.840,control,2383,-0.09139,-0.10000,0.07140,-0.07763,2.57400,-0.26886,2.57400,1519,1700
4861,4.861,control,2020,-0.08579,-0.10000,0.13386,-0.23437,2.57400,-0.42126,2.57400,1614,1700
4881,4.881,control,1684,-0.08060,-0.10000,0.18143,-0.38756,2.57400,-0.52318,2.57400,1679,1700
4901,4.901,control,1389,-0.07605,-0.10000,0.19765,-0.49873,2.57400,-0.54558,2.57400,1693,1700
4921,4.921,control,1172,-0.07270,-0.10000,0.19009,-0.53713,2.57400,-0.52891,2.57400,1682,1700
4941,4.941,control,1032,-0.07054,-0.10000,0.16374,-0.53040,2.57400,-0.47016,2.57400,1645,1700
4963,4.963,control,989,-0.06988,-0.10000,0.12419,-0.48102,2.57400,-0.38261,2.57400,1590,1700
4982,4.982,control,1084,-0.07135,-0.10000,0.07020,-0.40036,2.57400,-0.24761,2.57400,1505,1700
5002,5.002,control,1364,-0.07567,-0.10000,0.00032,-0.27516,2.57400,-0.06216,2.57400,1389,1700
5022,5.022,control,1675,-0.08047,-0.10000,-0.06935,-0.10057,2.57400,0.09288,2.57400,1291,1700
5042,5.042,control,1966,-0.08496,-0.10000,-0.12633,0.05799,2.57400,0.21447,2.57400,1215,1700
5062,5.062,control,2254,-0.08940,-0.10000,-0.16427,0.18625,2.57400,0.29469,2.57400,1164,1700
5082,5.082,control,2521,-0.09352,-0.10000,-0.17424,0.27514,2.57400,0.30787,2.57400,1156,1700
5102,5.102,control,2731,-0.09676,-0.10000,-0.16633,0.30196,2.57400,0.29704,2.57400,1163,1700
5123,5.123,control,2887,-0.09917,-0.10000,-0.14937,0.29793,2.57400,0.26968,2.57400,1180,1700
5143,5.143,control,2984,-0.10066,-0.10000,-0.12366,0.27477,2.57400,0.21761,2.57400,1213,1700
5166,5.166,control,2962,-0.10032,0.10000,-0.08473,0.22792,2.57400,1.04720,2.57400,1000,1700
5185,5.185,control,2747,-0.09701,0.10000,-0.02715,0.89946,2.57400,1.04720,2.57400,1000,1700
5204,5.204,control,2504,-0.09326,0.10000,0.03322,1.02056,2.57400,1.04720,2.57400,1000,1700
5224,5.224,control,2402,-0.09168,0.10000,0.07283,1.04239,2.57400,1.03546,2.57400,1000,1700
5244,5.244,control,2345,-0.09080,0.10000,0.08849,1.03671,2.57400,0.97907,2.57400,1000,1700
5264,5.264,control,2271,-0.08966,0.10000,0.07796,0.98946,2.57400,1.03479,2.57400,1000,1700
5284,5.284,control,2100,-0.08702,0.10000,0.06702,1.02661,2.57400,1.01674,2.57400,1000,1700
5304,5.304,control,1864,-0.08338,0.10000,0.07821,1.01852,2.57400,0.94773,2.57400,1000,1700
5324,5.324,control,1636,-0.07986,0.10000,0.10004,0.96049,2.57400,0.88041,2.57400,1000,1700
5344,5.344,control,1321,-0.07500,0.10000,0.13262,0.89485,2.57400,0.76926,2.57400,1000,1700
5364,5.364,control,1055,-0.07090,0.10000,0.15265,0.79191,2.57400,0.73328,2.57400,1000,1700
5384,5.384,control,750,-0.06619,0.10000,0.16612,0.74385,2.57400,0.67383,2.57400,1000,1700
5404,5.404,control,473,-0.06192,0.10000,0.17545,0.68646,2.57400,0.63899,2.57400,1000,1700
5446,5.446,control,-123,-0.05272,0.10000,0.20860,0.64755,2.57400,0.46175,2.57400,1059,1700
5465,5.465,control,-375,-0.04883,0.10000,0.21703,0.49525,2.57400,0.50069,2.57400,1035,1700
5485,5.485,control,-686,-0.04404,0.10000,0.22021,0.49971,2.57400,0.43691,2.57400,1075,1700
5505,5.505,control,-973,-0.03961,0.10000,0.22224,0.44824,2.57400,0.42013,2.57400,1085,1700
5525,5.525,control,-1254,-0.03527,0.10000,0.18883,0.42520,2.57400,0.50014,2.57400,1035,1700
5545,5.545,control,-1568,-0.03043,0.10000,0.18550,0.48662,2.57400,0.41703,2.57400,1087,1700
5565,5.565,control,-1743,-0.02773,0.10000,0.16981,0.42958,2.57400,0.48018,2.57400,1047,1700
5585,5.585,control,-1951,-0.02452,0.10000,0.15658,0.47106,2.57400,0.46064,2.57400,1060,1700
5605,5.605,control,-2191,-0.02081,0.10000,0.14818,0.46252,2.57400,0.45532,2.57400,1063,1700
5625,5.625,control,-2308,-0.01901,0.10000,0.12438,0.45662,2.57400,0.51834,2.57400,1023,1700
5645,5.645,control,-2515,-0.01582,0.10000,0.12070,0.50721,2.57400,0.46131,2.57400,1059,1700
5666,5.666,control,-2614,-0.01429,0.10000,0.10782,0.46959,2.57400,0.51388,2.57400,1026,1700
5685,5.685,control,-2719,-0.01267,0.10000,0.08937,0.50590,2.57400,0.53163,2.57400,1015,1700
5705,5.705,control,-2868,-0.01037,0.10000,0.08730,0.52699,2.57400,0.49949,2.57400,1035,1700
5725,5.725,control,-2947,-0.00915,0.10000,0.07285,0.50445,2.57400,0.54981,2.57400,1004,1700
5745,5.745,control,-3141,-0.00616,0.10000,0.07877,0.54163,2.57400,0.47293,2.57400,1052,1700
5765,5.765,control,-3291,-0.00384,0.10000,0.08541,0.48532,2.57400,0.46664,2.57400,1056,1700
5785,5.785,control,-3430,-0.00170,0.10000,0.08632,0.47001,2.57400,0.45198,2.57400,1065,1700
5805,5.805,control,-3666,0.00194,0.10000,0.10355,0.45523,2.57400,0.36794,2.57400,1118,1700
5825,5.825,control,-3826,0.00441,0.10000,0.10505,0.38368,2.57400,0.38757,2.57400,1106,1700
5845,5.845,control,-4111,0.00881,0.10000,0.12008,0.38687,2.57400,0.29016,2.57400,1167,1700
5865,5.865,control,-4288,0.01154,0.10000,0.12869,0.30760,2.57400,0.28922,2.57400,1168,1700
5886,5.886,control,-4470,0.01435,0.10000,0.12545,0.29253,2.57400,0.28103,2.57400,1173,1700
5905,5.905,control,-4649,0.01711,0.10000,0.12652,0.28310,2.57400,0.25522,2.57400,1189,1700
5925,5.925,control,-4761,0.01884,0.10000,0.10816,0.26025,2.57400,0.31322,2.57400,1152,1700
5945,5.945,control,-4871,0.02054,0.10000,0.09542,0.30367,2.57400,0.30653,2.57400,1157,1700
5965,5.965,control,-4864,0.02043,0.10000,0.07118,0.30602,2.57400,0.38522,2.57400,1107,1700
5985,5.985,control,-4839,0.02004,0.10000,0.04188,0.37094,2.57400,0.43932,2.57400,1073,1700
6005,6.005,control,-4856,0.02031,0.10000,0.02282,0.42699,2.57400,0.45937,2.57400,1061,1700
6025,6.025,control,-4798,0.01941,0.10000,-0.00104,0.45353,2.57400,0.52804,2.57400,1017,1700
6045,6.045,control,-4808,0.01956,0.10000,-0.00636,0.51460,2.57400,0.50082,2.57400,1034,1700
6065,6.065,control,-4844,0.02012,0.10000,-0.00137,0.50331,2.57400,0.48664,2.57400,1043,1700
6085,6.085,control,-4921,0.02131,0.10000,0.00661,0.48965,2.57400,0.45775,2.57400,1062,1700
6106,6.106,control,-5112,0.02426,0.10000,0.03590,0.46350,2.57400,0.34958,2.57400,1130,1700
6125,6.125,control,-5232,0.02611,0.10000,0.05656,0.37012,2.57400,0.32839,2.57400,1143,1700
6145,6.145,control,-5434,0.02922,0.10000,0.08069,0.33591,2.57400,0.24098,2.57400,1198,1700
6165,6.165,control,-5607,0.03189,0.10000,0.09830,0.25810,2.57400,0.21027,2.57400,1217,1700
6185,6.185,control,-5840,0.03549,0.10000,0.10812,0.21889,2.57400,0.16813,2.57400,1244,1700
6205,6.205,control,-6045,0.03865,0.10000,0.12025,0.17729,2.57400,0.12467,2.57400,1271,1700
6225,6.225,control,-6224,0.04141,0.10000,0.12140,0.13416,2.57400,0.12234,2.57400,1273,1700
6245,6.245,control,-6349,0.04334,0.10000,0.11656,0.12447,2.57400,0.12477,2.57400,1271,1700
6265,6.265,control,-6392,0.04401,0.10000,0.09459,0.12472,2.57400,0.18946,2.57400,1230,1700
6285,6.285,control,-6371,0.04368,0.10000,0.06359,0.17778,2.57400,0.25681,2.57400,1188,1700
6305,6.305,control,-6374,0.04373,0.10000,0.03528,0.24256,2.57400,0.30324,2.57400,1159,1700
6345,6.345,control,-6296,0.04252,0.10000,0.00486,0.29230,2.57400,0.38023,2.57400,1110,1700
6375,6.375,control,-6331,0.04306,0.10000,-0.00513,0.36438,2.57400,0.35648,2.57400,1125,1700
6384,6.384,control,-6429,0.04458,0.10000,0.00473,0.35790,2.57400,0.31299,2.57400,1153,1700
6404,6.404,control,-6491,0.04553,0.10000,0.01405,0.32109,2.57400,0.29840,2.57400,1162,1700
6424,6.424,control,-6635,0.04775,0.10000,0.04083,0.30249,2.57400,0.20072,2.57400,1223,1700
6444,6.444,control,-6784,0.05005,0.10000,0.06118,0.21907,2.57400,0.16888,2.57400,1243,1700
6464,6.464,control,-6933,0.05235,0.10000,0.07279,0.17793,2.57400,0.13582,2.57400,1264,1700
6484,6.484,control,-7052,0.05419,0.10000,0.08243,0.14342,2.57400,0.10939,2.57400,1281,1700
6504,6.504,control,-7145,0.05562,0.10000,0.07981,0.11553,2.57400,0.12255,2.57400,1272,1700
6524,6.524,control,-7156,0.05579,0.10000,0.06412,0.12128,2.57400,0.16799,2.57400,1244,1700
6544,6.544,control,-7099,0.05491,0.10000,0.03717,0.15957,2.57400,0.23834,2.57400,1200,1700
6564,6.564,control,-6955,0.05269,0.10000,0.00067,0.22414,2.57400,0.33541,2.57400,1139,1700
6585,6.585,control,-6828,0.05073,0.10000,-0.03404,0.31535,2.57400,0.40515,2.57400,1095,1700
6604,6.604,control,-6684,0.04851,0.10000,-0.06119,0.38896,2.57400,0.46534,2.57400,1057,1700
6624,6.624,control,-6576,0.04684,0.10000,-0.07484,0.45157,2.57400,0.48334,2.57400,1045,1700
6644,6.644,control,-6537,0.04624,0.10000,-0.06760,0.47761,2.57400,0.44763,2.57400,1068,1700
6664,6.664,control,-6560,0.04660,0.10000,-0.04923,0.45304,2.57400,0.40117,2.57400,1097,1700
6684,6.684,control,-6721,0.04908,0.10000,-0.01077,0.41052,2.57400,0.27941,2.57400,1174,1700
6704,6.704,control,-6952,0.05265,0.10000,0.03738,0.30306,2.57400,0.16039,2.57400,1249,1700
6724,6.724,control,-7227,0.05689,0.10000,0.08574,0.18611,2.57400,0.04024,2.57400,1324,1700
6744,6.744,control,-7481,0.06081,0.10000,0.12520,0.06654,2.57400,-0.04557,2.57400,1378,1700
6764,6.764,control,-7714,0.06440,0.10000,0.14481,-0.02535,2.57400,-0.08262,2.57400,1401,1700
6784,6.784,control,-7925,0.06766,0.10000,0.14853,-0.07229,2.57400,-0.09584,2.57400,1410,1700
6806,6.806,control,-8098,0.07033,0.10000,0.13863,-0.09159,2.57400,-0.07785,2.57400,1398,1700
6825,6.825,control,-8179,0.07158,0.10000,0.11698,-0.08033,2.57400,-0.02810,2.57400,1367,1700
6845,6.845,control,-8097,0.07031,0.10000,0.07646,-0.03752,2.57400,0.08742,2.57400,1295,1700
6865,6.865,control,-7897,0.06723,0.10000,0.01991,0.06489,2.57400,0.23244,2.57400,1203,1700
6885,6.885,control,-7672,0.06376,0.10000,-0.04004,0.20222,2.57400,0.36803,2.57400,1118,1700
6905,6.905,control,-7448,0.06030,0.10000,-0.09096,0.33813,2.57400,0.47498,2.57400,1051,1700
6925,6.925,control,-7226,0.05687,0.10000,-0.12136,0.45030,2.57400,0.53123,2.57400,1015,1700
6945,6.945,control,-7027,0.05380,0.10000,-0.13038,0.51663,2.57400,0.54613,2.57400,1006,1700
6965,6.965,control,-6894,0.05175,0.10000,-0.12314,0.54081,2.57400,0.52696,2.57400,1018,1700
6985,6.985,control,-6843,0.05096,0.10000,-0.10229,0.52946,2.57400,0.47504,2.57400,1051,1700
7005,7.005,control,-6916,0.05209,0.10000,-0.06417,0.48485,2.57400,0.37008,2.57400,1117,1700
7026,7.026,control,-7163,0.05590,0.10000,-0.00456,0.39077,2.57400,0.20160,2.57400,1223,1700
7045,7.045,control,-7459,0.06047,0.10000,0.05966,0.23572,2.57400,0.05307,2.57400,1316,1700
7065,7.065,control,-7763,0.06516,0.10000,0.11726,0.08601,2.57400,-0.07892,2.57400,1399,1700
7085,7.085,control,-8081,0.07007,0.10000,0.16101,-0.04918,2.57400,-0.17808,2.57400,1462,1700
7105,7.105,control,-8382,0.07471,0.10000,0.17996,-0.15484,2.57400,-0.21428,2.57400,1484,1700
7125,7.125,control,-8656,0.07894,0.10000,0.18327,-0.20356,2.57400,-0.23507,2.57400,1497,1700
7145,7.145,control,-8896,0.08264,0.10000,0.17735,-0.22939,2.57400,-0.23632,2.57400,1498,1700
7165,7.165,control,-9066,0.08526,0.10000,0.15959,-0.23507,2.57400,-0.20175,2.57400,1476,1700
7185,7.185,control,-9119,0.08608,0.10000,0.12748,-0.20776,2.57400,-0.12459,2.57400,1428,1700
7205,7.205,control,-8977,0.08389,0.10000,0.07291,-0.13959,2.57400,0.02868,2.57400,1331,1700
7225,7.225,control,-8708,0.07974,0.10000,0.00157,-0.00166,2.57400,0.20820,2.57400,1219,1700
7266,7.266,control,-8123,0.07071,0.10000,-0.10138,0.17036,2.57400,0.51806,2.57400,1024,1700
7285,7.285,control,-7885,0.06704,0.10000,-0.16370,0.45536,2.57400,0.55952,2.57400,1000,1700
7305,7.305,control,-7694,0.06409,0.10000,-0.18768,0.54074,2.57400,0.60867,2.57400,1000,1700
7325,7.325,control,-7551,0.06189,0.10000,-0.18127,0.59642,2.57400,0.57162,2.57400,1000,1700
7345,7.345,control,-7446,0.06027,0.10000,-0.12750,0.57609,2.57400,0.42718,2.57400,1081,1700
7365,7.365,control,-7404,0.05962,0.10000,-0.09020,0.45403,2.57400,0.39800,2.57400,1099,1700
7385,7.385,control,-7486,0.06089,0.10000,-0.04953,0.40810,2.57400,0.28416,2.57400,1171,1700
7405,7.405,control,-7739,0.06479,0.10000,0.00545,0.30651,2.57400,0.13515,2.57400,1264,1700
7425,7.425,control,-8053,0.06963,0.10000,0.06719,0.16605,2.57400,-0.01850,2.57400,1361,1700
7445,7.445,control,-8378,0.07465,0.10000,0.12536,0.01478,2.57400,-0.15459,2.57400,1447,1700
7465,7.465,control,-8712,0.07980,0.10000,0.17002,-0.12405,2.57400,-0.25679,2.57400,1511,1700
7487,7.487,control,-9071,0.08534,0.10000,0.19487,-0.23286,2.57400,-0.31941,2.57400,1550,1700
7506,7.506,control,-9352,0.08968,0.10000,0.19876,-0.30380,2.57400,-0.32758,2.57400,1556,1700
7526,7.526,control,-9569,0.09303,0.10000,0.18827,-0.32329,2.57400,-0.31461,2.57400,1547,1700
7546,7.546,control,-9692,0.09492,0.10000,0.16233,-0.31618,2.57400,-0.25473,2.57400,1510,1700
7566,7.566,control,-9708,0.09517,0.10000,0.11750,-0.26581,2.57400,-0.14628,2.57400,1442,1700
7586,7.586,control,-9492,0.09184,0.10000,0.05037,-0.16783,2.57400,0.03902,2.57400,1325,1700
7606,7.606,control,-9165,0.08679,0.10000,-0.02852,0.00172,2.57400,0.23032,2.57400,1205,1700
7626,7.626,control,-8803,0.08121,0.10000,-0.10458,0.18910,2.57400,0.40544,2.57400,1094,1700
7646,7.646,control,-8460,0.07591,0.10000,-0.16617,0.36643,2.57400,0.53730,2.57400,1012,1700
7666,7.666,control,-8176,0.07153,0.10000,-0.19199,0.50648,2.57400,0.56897,2.57400,1000,1700
7686,7.686,control,-7959,0.06818,0.10000,-0.18785,0.55770,2.57400,0.55446,2.57400,1001,1700
7708,7.708,control,-7799,0.06571,0.10000,-0.16480,0.55505,2.57400,0.50683,2.57400,1031,1700
7727,7.727,control,-7708,0.06431,0.10000,-0.13066,0.51553,2.57400,0.43781,2.57400,1074,1700
7747,7.747,control,-7691,0.06405,0.10000,-0.09158,0.45182,2.57400,0.35769,2.57400,1125,1700
7767,7.767,control,-7811,0.06590,0.10000,-0.04346,0.37467,2.57400,0.23536,2.57400,1201,1700
7787,7.787,control,-8091,0.07022,0.10000,0.01850,0.26048,2.57400,0.06802,2.57400,1307,1700
7807,7.807,control,-8443,0.07565,0.10000,0.08494,0.10272,2.57400,-0.09491,2.57400,1409,1700
7827,7.827,control,-8792,0.08104,0.10000,0.14440,-0.05927,2.57400,-0.23158,2.57400,1495,1700
7847,7.847,control,-9139,0.08639,0.10000,0.18675,-0.20050,2.57400,-0.32663,2.57400,1555,1700
7867,7.867,control,-9464,0.09141,0.10000,0.20432,-0.30389,2.57400,-0.36377,2.57400,1578,1700
7887,7.887,control,-9736,0.09560,0.10000,0.20095,-0.35297,2.57400,-0.36215,2.57400,1577,1700
7907,7.907,control,-9933,0.09864,0.10000,0.18352,-0.36050,2.57400,-0.33173,2.57400,1558,1700
7928,7.928,control,-10030,0.10014,0.10000,0.15129,-0.33692,2.57400,-0.25868,2.57400,1512,1700
7947,7.947,control,-9996,0.09961,0.10000,0.10285,-0.27279,2.57400,-0.14002,2.57400,1438,1700
7967,7.967,control,-9755,0.09590,0.10000,0.03291,-0.16396,2.57400,0.05088,2.57400,1317,1700
7987,7.987,control,-9404,0.09048,0.10000,-0.04726,0.01214,2.57400,0.24562,2.57400,1195,1700
8007,8.007,control,-9019,0.08454,0.10000,-0.12337,0.20351,2.57400,0.42182,2.57400,1084,1700
8027,8.027,control,-8644,0.07875,0.10000,-0.18304,0.38246,2.57400,0.55142,2.57400,1003,1700
8047,8.047,control,-8335,0.07399,0.10000,-0.20828,0.52095,2.57400,0.58634,2.57400,1000,1700
8067,8.067,control,-8118,0.07064,0.10000,-0.20138,0.57455,2.57400,0.56112,2.57400,1000,1700
8087,8.087,control,-7969,0.06834,0.10000,-0.17382,0.56354,2.57400,0.50288,2.57400,1033,1700
8107,8.107,control,-7878,0.06693,0.10000,-0.13488,0.51382,2.57400,0.42533,2.57400,1082,1700
8127,8.127,control,-7868,0.06678,0.10000,-0.09090,0.44129,2.57400,0.33429,2.57400,1139,1700
8176,8.176,control,-8490,0.07638,0.10000,0.01291,0.35359,2.57400,-0.04372,2.57400,1377,1700
8195,8.195,control,-8817,0.08142,0.10000,0.09546,0.02792,2.57400,-0.13708,2.57400,1436,1700
8215,8.215,control,-9152,0.08659,0.10000,0.16624,-0.10733,2.57400,-0.32730,2.57400,1555,1700
8235,8.235,control,-9502,0.09199,0.10000,0.22636,-0.28763,2.57400,-0.45337,2.57400,1635,1700
8255,8.255,control,-9809,0.09673,0.10000,0.21037,-0.42349,2.57400,-0.35509,2.57400,1573,1700
8275,8.275,control,-10045,0.10037,0.10000,0.19574,-0.36742,2.57400,-0.38490,2.57400,1592,1700
8295,8.295,control,-10232,0.10326,0.10000,0.17537,-0.38175,2.57400,-0.33845,2.57400,1562,1700
8315,8.315,control,-10343,0.10497,0.10000,0.14345,-0.34626,2.57400,-0.27704,2.57400,1524,1700
8335,8.335,control,-10358,0.10520,0.10000,0.10233,-0.28952,2.57400,-0.18504,2.57400,1466,1700
8355,8.355,control,-10210,0.10292,0.10000,0.04852,-0.20388,2.57400,-0.04557,2.57400,1378,1700
8375,8.375,control,-9929,0.09858,0.10000,-0.01817,-0.07411,2.57400,0.12643,2.57400,1270,1700
8396,8.396,control,-9603,0.09355,0.10000,-0.08538,0.09026,2.57400,0.28301,2.57400,1171,1700
8415,8.415,control,-9271,0.08843,0.10000,-0.14302,0.24825,2.57400,0.41380,2.57400,1089,1700
8435,8.435,control,-8960,0.08363,0.10000,-0.17791,0.38395,2.57400,0.48257,2.57400,1046,1700
8455,8.455,control,-8703,0.07966,0.10000,-0.18579,0.46478,2.57400,0.49293,2.57400,1039,1700
8475,8.475,control,-8508,0.07665,0.10000,-0.17401,0.48785,2.57400,0.46968,2.57400,1054,1700
8495,8.495,control,-8388,0.07480,0.10000,-0.14757,0.47296,2.57400,0.41317,2.57400,1090,1700
8515,8.515,control,-8341,0.07408,0.10000,-0.11113,0.42395,2.57400,0.33616,2.57400,1138,1700
8535,8.535,control,-8378,0.07465,0.10000,-0.06844,0.35199,2.57400,0.24134,2.57400,1198,1700
8555,8.555,control,-8625,0.07846,0.10000,-0.00790,0.26130,2.57400,0.06742,2.57400,1307,1700
8575,8.575,control,-8955,0.08355,0.10000,0.05887,0.10238,2.57400,-0.09222,2.57400,1408,1700
8595,8.595,control,-9309,0.08901,0.10000,0.12221,-0.05713,2.57400,-0.24412,2.57400,1503,1700
8616,8.616,control,-9649,0.09426,0.10000,0.17394,-0.21040,2.57400,-0.36020,2.57400,1576,1700
8635,8.635,control,-9949,0.09889,0.10000,0.19518,-0.33319,2.57400,-0.39166,2.57400,1596,1700
8655,8.655,control,-10198,0.10273,0.10000,0.19281,-0.38111,2.57400,-0.39039,2.57400,1595,1700
8675,8.675,control,-10395,0.10577,0.10000,0.17514,-0.38871,2.57400,-0.35912,2.57400,1575,1700
8695,8.695,control,-10505,0.10747,0.10000,0.14500,-0.36446,2.57400,-0.29547,2.57400,1535,1700
8715,8.715,control,-10532,0.10788,0.10000,0.10647,-0.30791,2.57400,-0.21373,2.57400,1484,1700
8735,8.735,control,-10401,0.10586,0.10000,0.05387,-0.23071,2.57400,-0.07501,2.57400,1397,1700
8755,8.755,control,-10133,0.10173,0.10000,-0.01214,-0.10308,2.57400,0.09415,2.57400,1290,1700
8775,8.775,control,-9830,0.09705,0.10000,-0.07655,0.05858,2.57400,0.23978,2.57400,1199,1700
8795,8.795,control,-9513,0.09216,0.10000,-0.13302,0.20711,2.57400,0.37101,2.57400,1116,1700
8815,8.815,control,-9199,0.08732,0.10000,-0.16973,0.34145,2.57400,0.44713,2.57400,1068,1700
8836,8.836,control,-8933,0.08321,0.10000,-0.18053,0.42807,2.57400,0.46441,2.57400,1057,1700
8855,8.855,control,-8721,0.07994,0.10000,-0.17394,0.45786,2.57400,0.45616,2.57400,1063,1700
8875,8.875,control,-8576,0.07770,0.10000,-0.15338,0.45647,2.57400,0.41340,2.57400,1089,1700
8895,8.895,control,-8506,0.07662,0.10000,-0.12086,0.42116,2.57400,0.34328,2.57400,1134,1700
8915,8.915,control,-8544,0.07721,0.10000,-0.07827,0.35733,2.57400,0.24290,2.57400,1197,1700
8935,8.935,control,-8791,0.08102,0.10000,-0.01592,0.26353,2.57400,0.06525,2.57400,1308,1700
8955,8.955,control,-9088,0.08560,0.10000,0.05052,0.10101,2.57400,-0.08546,2.57400,1403,1700
8975,8.975,control,-9417,0.09068,0.10000,0.11355,-0.05183,2.57400,-0.23700,2.57400,1499,1700
8995,8.995,control,-9749,0.09580,0.10000,0.16421,-0.20361,2.57400,-0.34936,2.57400,1569,1700
9015,9.015,control,-10049,0.10043,0.10000,0.18514,-0.32308,2.57400,-0.38210,2.57400,1590,1700
9035,9.035,control,-10274,0.10390,0.10000,0.18364,-0.37146,2.57400,-0.37950,2.57400,1588,1700
9079,9.079,control,-10556,0.10825,0.10000,0.17811,-0.37805,2.57400,-0.40236,2.57400,1603,1700
9099,9.099,control,-10543,0.10805,0.10000,0.13919,-0.39798,2.57400,-0.25904,2.57400,1512,1700
9119,9.119,control,-10376,0.10548,0.10000,0.07708,-0.28409,2.57400,-0.10924,2.57400,1418,1700
9139,9.139,control,-10105,0.10130,0.10000,0.00487,-0.14077,2.57400,0.06962,2.57400,1306,1700
9159,9.159,control,-9789,0.09642,0.10000,-0.08138,0.03168,2.57400,0.28114,2.57400,1173,1700
9179,9.179,control,-9464,0.09141,0.10000,-0.14095,0.23616,2.57400,0.38439,2.57400,1108,1700
9199,9.199,control,-9175,0.08695,0.10000,-0.17200,0.35766,2.57400,0.44702,2.57400,1068,1700
9219,9.219,control,-8947,0.08343,0.10000,-0.17667,0.43090,2.57400,0.44756,2.57400,1068,1700
9239,9.239,control,-8766,0.08064,0.10000,-0.16349,0.44455,2.57400,0.42412,2.57400,1083,1700
9259,9.259,control,-8636,0.07863,0.10000,-0.13848,0.42780,2.57400,0.37517,2.57400,1114,1700
9279,9.279,control,-8580,0.07777,0.10000,-0.10581,0.38466,2.57400,0.30782,2.57400,1156,1700
9300,9.300,control,-8632,0.07857,0.10000,-0.06576,0.32168,2.57400,0.21290,2.57400,1216,1700
9319,9.319,control,-8885,0.08247,0.10000,-0.00688,0.23251,2.57400,0.04234,2.57400,1323,1700
9339,9.339,control,-9194,0.08724,0.10000,0.05821,0.07664,2.57400,-0.11053,2.57400,1419,1700
9359,9.359,control,-9529,0.09241,0.10000,0.11996,-0.07678,2.57400,-0.25847,2.57400,1512,1700
9379,9.379,control,-9868,0.09764,0.10000,0.16949,-0.22571,2.57400,-0.37025,2.57400,1582,1700
9399,9.399,control,-10165,0.10222,0.10000,0.18910,-0.34419,2.57400,-0.39892,2.57400,1600,1700
9419,9.419,control,-10388,0.10566,0.10000,0.18569,-0.38905,2.57400,-0.39224,2.57400,1596,1700
9439,9.439,control,-10533,0.10790,0.10000,0.16415,-0.39166,2.57400,-0.34342,2.57400,1566,1700
9459,9.459,control,-10615,0.10916,0.10000,0.12993,-0.35212,2.57400,-0.27267,2.57400,1521,1700
9479,9.479,control,-10591,0.10879,0.10000,0.08499,-0.28700,2.57400,-0.16779,2.57400,1455,1700
9499,9.499,control,-10364,0.10529,0.10000,0.02290,-0.18929,2.57400,0.00299,2.57400,1348,1700
9520,9.520,control,-10083,0.10096,0.10000,-0.04173,-0.03168,2.57400,0.14867,2.57400,1256,1700
9539,9.539,control,-9784,0.09634,0.10000,-0.10227,0.11615,2.57400,0.29076,2.57400,1167,1700
9559,9.559,control,-9482,0.09168,0.10000,-0.15046,0.25927,2.57400,0.39628,2.57400,1100,1700
9579,9.579,control,-9216,0.08758,0.10000,-0.16913,0.37157,2.57400,0.42121,2.57400,1085,1700
9610,9.610,control,-8989,0.08408,0.10000,-0.16890,0.41226,2.57400,0.42849,2.57400,1080,1700
9619,9.619,control,-8828,0.08159,0.10000,-0.15392,0.42556,2.57400,0.39620,2.57400,1100,1700
9639,9.639,control,-8737,0.08019,0.10000,-0.12664,0.40150,2.57400,0.33869,2.57400,1136,1700
9659,9.659,control,-8738,0.08020,0.10000,-0.08962,0.35002,2.57400,0.25378,2.57400,1190,1700
9679,9.679,control,-8930,0.08317,0.10000,-0.03326,0.27113,2.57400,0.09410,2.57400,1290,1700
9699,9.699,control,-9214,0.08755,0.10000,0.03171,0.12602,2.57400,-0.06196,2.57400,1388,1700
9719,9.719,control,-9540,0.09258,0.10000,0.09624,-0.02806,2.57400,-0.21704,2.57400,1486,1700
9741,9.741,control,-9879,0.09781,0.10000,0.15211,-0.18297,2.57400,-0.34534,2.57400,1567,1700
9760,9.760,control,-10166,0.10224,0.10000,0.17913,-0.31606,2.57400,-0.38632,2.57400,1592,1700
9780,9.780,control,-10382,0.10557,0.10000,0.17989,-0.37365,2.57400,-0.38316,2.57400,1591,1700
9800,9.800,control,-10538,0.10798,0.10000,0.16176,-0.38145,2.57400,-0.34362,2.57400,1566,1700
9820,9.820,control,-10632,0.10943,0.10000,0.12986,-0.35044,2.57400,-0.27638,2.57400,1523,1700
9841,9.841,control,-10623,0.10929,0.10000,0.08832,-0.28974,2.57400,-0.18191,2.57400,1464,1700
9861,9.861,control,-10413,0.10605,0.10000,0.02984,-0.20135,2.57400,-0.01911,2.57400,1362,1700
9881,9.881,control,-10141,0.10185,0.10000,-0.03393,-0.05197,2.57400,0.12808,2.57400,1269,1700
9901,9.901,control,-9849,0.09735,0.10000,-0.09475,0.09561,2.57400,0.27013,2.57400,1180,1700
9921,9.921,control,-9542,0.09261,0.10000,-0.14518,0.23865,2.57400,0.38384,2.57400,1108,1700
9941,9.941,control,-9260,0.08826,0.10000,-0.16809,0.35766,2.57400,0.42048,2.57400,1085,1700
9984,9.984,control,-8869,0.08222,0.10000,-0.18781,0.40915,2.57400,0.51187,2.57400,1028,1700
10003,10.003,control,-8776,0.08079,0.10000,-0.17224,0.49335,2.57400,0.41672,2.57400,1087,1700
10023,10.023,control,-8769,0.08068,0.10000,-0.13516,0.43054,2.57400,0.34091,2.57400,1135,1700
10043,10.043,control,-8862,0.08212,0.10000,-0.08354,0.35707,2.57400,0.20889,2.57400,1218,1700
10063,10.063,control,-9145,0.08648,0.10000,0.00475,0.23561,2.57400,-0.03984,2.57400,1375,1700
10083,10.083,control,-9465,0.09142,0.10000,0.07584,0.00983,2.57400,-0.16493,2.57400,1453,1700
10103,10.103,control,-9800,0.09659,0.10000,0.13411,-0.13341,2.57400,-0.30863,2.57400,1544,1700
10123,10.123,control,-10136,0.10177,0.10000,0.17783,-0.27703,2.57400,-0.40471,2.57400,1604,1700
10143,10.143,control,-10427,0.10626,0.10000,0.19182,-0.38168,2.57400,-0.42374,2.57400,1616,1700
10163,10.163,control,-10646,0.10964,0.10000,0.18510,-0.41616,2.57400,-0.41292,2.57400,1609,1700
10183,10.183,control,-10822,0.11236,0.10000,0.16591,-0.41350,2.57400,-0.38052,2.57400,1589,1700
10205,10.205,control,-10933,0.11407,0.10000,0.13586,-0.38647,2.57400,-0.31926,2.57400,1550,1700
10224,10.224,control,-10946,0.11427,0.10000,0.09681,-0.33138,2.57400,-0.23255,2.57400,1496,1700
10244,10.244,control,-10816,0.11227,0.10000,0.04741,-0.25037,2.57400,-0.10711,2.57400,1417,1700
10264,10.264,control,-10552,0.10819,0.10000,-0.01494,-0.13294,2.57400,0.05662,2.57400,1314,1700
10284,10.284,control,-10265,0.10376,0.10000,-0.07663,0.02244,2.57400,0.19521,2.57400,1227,1700
10306,10.306,control,-9968,0.09918,-0.10000,-0.12862,0.16406,2.57400,-1.04720,2.57400,2000,1700
10325,10.325,control,-9699,0.09503,-0.10000,-0.15923,-0.82877,2.57400,-0.93854,2.57400,1940,1700
10345,10.345,control,-9502,0.09199,-0.10000,-0.16118,-0.91875,2.57400,-0.83701,2.57400,1876,1700
10365,10.365,control,-9480,0.09165,-0.10000,-0.13314,-0.85175,2.57400,-0.97225,2.57400,1961,1700
10385,10.385,control,-9539,0.09256,-0.10000,-0.08628,-0.95052,2.57400,-1.04720,2.57400,2000,1700
10405,10.405,control,-9608,0.09363,-0.10000,-0.03571,-1.02976,2.57400,-1.04720,2.57400,2000,1700
10426,10.426,control,-9643,0.09417,-0.10000,0.00452,-1.04405,2.57400,-1.04720,2.57400,2000,1700
10445,10.445,control,-9628,0.09394,-0.10000,0.01734,-1.04663,2.57400,-1.04720,2.57400,2000,1700
10465,10.465,control,-9562,0.09292,-0.10000,0.00769,-1.04710,2.57400,-1.04720,2.57400,2000,1700
10485,10.485,control,-9439,0.09102,-0.10000,-0.01595,-1.04718,2.57400,-1.04720,2.57400,2000,1700
10505,10.505,control,-9250,0.08810,-0.10000,-0.04723,-1.04719,2.57400,-1.04720,2.57400,2000,1700
10525,10.525,control,-8990,0.08409,-0.10000,-0.08308,-1.04720,2.57400,-0.91908,2.57400,1928,1700
10545,10.545,control,-8619,0.07837,-0.10000,-0.12677,-0.94218,2.57400,-0.79026,2.57400,1847,1700
10565,10.565,control,-8219,0.07220,-0.10000,-0.16980,-0.81766,2.57400,-0.67269,2.57400,1773,1700
10585,10.585,control,-7820,0.06604,-0.10000,-0.20539,-0.69883,2.57400,-0.57557,2.57400,1712,1700
10605,10.605,control,-7373,0.05914,-0.10000,-0.23627,-0.59779,2.57400,-0.47357,2.57400,1647,1700
10626,10.626,control,-6882,0.05157,-0.10000,-0.25849,-0.49597,2.57400,-0.39329,2.57400,1597,1700
10645,10.645,control,-6307,0.04269,-0.10000,-0.28406,-0.41181,2.57400,-0.27608,2.57400,1523,1700
10665,10.665,control,-5716,0.03357,-0.10000,-0.31246,-0.30055,2.57400,-0.16607,2.57400,1454,1700
10685,10.685,control,-5202,0.02564,-0.10000,-0.32822,-0.19032,2.57400,-0.10912,2.57400,1418,1700
10705,10.705,control,-4729,0.01835,-0.10000,-0.33101,-0.12377,2.57400,-0.07046,2.57400,1394,1700
10725,10.725,control,-4278,0.01139,-0.10000,-0.31845,-0.08007,2.57400,-0.06939,2.57400,1393,1700
10745,10.745,control,-3875,0.00517,-0.10000,-0.29438,-0.07131,2.57400,-0.08910,2.57400,1406,1700
10765,10.765,control,-3577,0.00057,-0.10000,-0.26382,-0.08590,2.57400,-0.13053,2.57400,1432,1700
10785,10.785,control,-3510,-0.00046,-0.10000,-0.21081,-0.12248,2.57400,-0.26720,2.57400,1518,1700
10805,10.805,control,-3536,-0.00006,-0.10000,-0.14338,-0.24111,2.57400,-0.40824,2.57400,1606,1700
10825,10.825,control,-3547,0.00011,-0.10000,-0.07844,-0.37810,2.57400,-0.52580,2.57400,1680,1700
10872,10.872,control,-3715,0.00270,-0.10000,-0.00863,-0.49917,2.57400,-0.69587,2.57400,1787,1700
10891,10.891,control,-3692,0.00235,-0.10000,0.01707,-0.66040,2.57400,-0.66262,2.57400,1766,1700
10911,10.911,control,-3536,-0.00006,-0.10000,0.00512,-0.66222,2.57400,-0.59708,2.57400,1725,1700
10931,10.931,control,-3396,-0.00222,-0.10000,-0.01477,-0.60883,2.57400,-0.54704,2.57400,1694,1700
10951,10.951,control,-3203,-0.00520,-0.10000,-0.05973,-0.55818,2.57400,-0.40459,2.57400,1604,1700
10971,10.971,control,-2907,-0.00977,-0.10000,-0.10271,-0.43228,2.57400,-0.30495,2.57400,1541,1700
10991,10.991,control,-2554,-0.01521,-0.10000,-0.13687,-0.32791,2.57400,-0.20973,2.57400,1481,1700
11011,11.011,control,-2163,-0.02125,-0.10000,-0.17424,-0.23104,2.57400,-0.09265,2.57400,1408,1700
11031,11.031,control,-1745,-0.02770,-0.10000,-0.20975,-0.11761,2.57400,0.01108,2.57400,1343,1700
11051,11.051,control,-1323,-0.03421,-0.10000,-0.23401,-0.01213,2.57400,0.08429,2.57400,1296,1700
11073,11.073,control,-924,-0.04036,-0.10000,-0.24625,0.06691,2.57400,0.13315,2.57400,1266,1700
11092,11.092,control,-584,-0.04561,-0.10000,-0.24442,0.12120,2.57400,0.14387,2.57400,1259,1700
11112,11.112,control,-318,-0.04971,-0.10000,-0.22745,0.13978,2.57400,0.11832,2.57400,1275,1700
11132,11.132,control,-134,-0.05255,-0.10000,-0.19666,0.12219,2.57400,0.05979,2.57400,1312,1700
11152,11.152,control,-89,-0.05325,-0.10000,-0.14918,0.07104,2.57400,-0.05207,2.57400,1382,1700
11172,11.172,control,-206,-0.05144,-0.10000,-0.08558,-0.02987,2.57400,-0.20778,2.57400,1480,1700
11192,11.192,control,-363,-0.04902,-0.10000,-0.02081,-0.17570,2.57400,-0.34215,2.57400,1565,1700
11212,11.212,control,-559,-0.04600,-0.10000,0.03966,-0.31213,2.57400,-0.47540,2.57400,1649,1700
11232,11.232,control,-748,-0.04308,-0.10000,0.08307,-0.44596,2.57400,-0.55361,2.57400,1698,1700
11252,11.252,control,-891,-0.04087,-0.10000,0.09891,-0.53419,2.57400,-0.56633,2.57400,1706,1700
11273,11.273,control,-966,-0.03972,-0.10000,0.09480,-0.56054,2.57400,-0.54649,2.57400,1693,1700
11295,11.295,control,-965,-0.03973,-0.10000,0.07229,-0.54902,2.57400,-0.48087,2.57400,1652,1700
11314,11.314,control,-882,-0.04101,-0.10000,0.03616,-0.49316,2.57400,-0.38871,2.57400,1594,1700
11334,11.334,control,-598,-0.04539,-0.10000,-0.02080,-0.40755,2.57400,-0.21695,2.57400,1486,1700
11354,11.354,control,-221,-0.05121,-0.10000,-0.08670,-0.25132,2.57400,-0.05064,2.57400,1381,1700
11374,11.374,control,189,-0.05754,-0.10000,-0.15065,-0.08683,2.57400,0.10878,2.57400,1281,1700
11394,11.394,control,608,-0.06400,-0.10000,-0.20613,0.07351,2.57400,0.24490,2.57400,1195,1700
11414,11.414,control,1005,-0.07013,-0.10000,-0.23497,0.21399,2.57400,0.30442,2.57400,1158,1700
11434,11.434,control,1352,-0.07548,-0.10000,-0.24039,0.28811,2.57400,0.32600,2.57400,1144,1700
11454,11.454,control,1643,-0.07997,-0.10000,-0.22916,0.31917,2.57400,0.31446,2.57400,1152,1700
11474,11.474,control,1876,-0.08357,-0.10000,-0.20570,0.31531,2.57400,0.27816,2.57400,1175,1700
11494,11.494,control,2052,-0.08628,-0.10000,-0.17479,0.28486,2.57400,0.22703,2.57400,1207,1700
11515,11.515,control,2122,-0.08736,-0.10000,-0.13560,0.23746,2.57400,0.14364,2.57400,1259,1700
11534,11.534,control,2001,-0.08550,-0.10000,-0.07935,0.16056,2.57400,-0.00562,2.57400,1353,1700
11554,11.554,control,1753,-0.08167,-0.10000,-0.01052,0.02435,2.57400,-0.17473,2.57400,1459,1700
11574,11.574,control,1436,-0.07678,-0.10000,0.06338,-0.13883,2.57400,-0.35256,2.57400,1571,1700
11594,11.594,control,1097,-0.07155,-0.10000,0.12972,-0.31402,2.57400,-0.50081,2.57400,1665,1700
11614,11.614,control,768,-0.06647,-0.10000,0.17209,-0.46713,2.57400,-0.58465,2.57400,1717,1700
11634,11.634,control,481,-0.06204,-0.10000,0.18901,-0.56345,2.57400,-0.61851,2.57400,1739,1700
11654,11.654,control,261,-0.05865,-0.10000,0.18361,-0.60858,2.57400,-0.60464,2.57400,1730,1700
11674,11.674,control,135,-0.05670,-0.10000,0.15899,-0.60535,2.57400,-0.54680,2.57400,1693,1700
11694,11.694,control,115,-0.05640,-0.10000,0.11822,-0.55736,2.57400,-0.45061,2.57400,1633,1700
11733,11.733,control,526,-0.06274,-0.10000,0.03061,-0.46986,2.57400,-0.15946,2.57400,1450,1700
11752,11.752,control,913,-0.06871,-0.10000,-0.06124,-0.21544,2.57400,0.02411,2.57400,1334,1700
11772,11.772,control,1335,-0.07522,-0.10000,-0.14798,-0.01909,2.57400,0.23754,2.57400,1200,1700
11792,11.792,control,1782,-0.08212,-0.10000,-0.22444,0.19126,2.57400,0.41155,2.57400,1091,1700
11812,11.812,control,2219,-0.08886,-0.10000,-0.25019,0.37183,2.57400,0.43918,2.57400,1073,1700
11832,11.832,control,2617,-0.09500,-0.10000,-0.25910,0.42704,2.57400,0.49375,2.57400,1039,1700
11852,11.852,control,2980,-0.10060,-0.10000,-0.25540,0.48172,2.57400,0.50182,2.57400,1034,1700
11872,11.872,control,3293,-0.10543,-0.10000,-0.23982,0.49820,2.57400,0.48987,2.57400,1041,1700
11892,11.892,control,3537,-0.10920,-0.10000,-0.21430,0.49137,2.57400,0.45070,2.57400,1066,1700
11912,11.912,control,3678,-0.11137,-0.10000,-0.17889,0.45803,2.57400,0.38122,2.57400,1110,1700
11932,11.932,control,3710,-0.11186,-0.10000,-0.13251,0.39507,2.57400,0.27916,2.57400,1174,1700
11954,11.954,control,3586,-0.10995,-0.10000,-0.07140,0.30007,2.57400,0.12630,2.57400,1270,1700
11973,11.973,control,3226,-0.10440,-0.10000,0.01217,0.15763,2.57400,-0.10470,2.57400,1415,1700
11993,11.993,control,2768,-0.09733,-0.10000,0.10194,-0.05740,2.57400,-0.32068,2.57400,1551,1700
12013,12.013,control,2292,-0.08999,-0.10000,0.18374,-0.27321,2.57400,-0.51298,2.57400,1672,1700
12033,12.033,control,1817,-0.08266,-0.10000,0.24619,-0.46974,2.57400,-0.65546,2.57400,1762,1700
12053,12.053,control,1348,-0.07542,-0.10000,0.27669,-0.62197,2.57400,-0.72377,2.57400,1805,1700
12073,12.073,control,920,-0.06882,-0.10000,0.28261,-0.70541,2.57400,-0.75350,2.57400,1823,1700
12093,12.093,control,555,-0.06318,-0.10000,0.27239,-0.74483,2.57400,-0.75135,2.57400,1822,1700
12113,12.113,control,266,-0.05873,-0.10000,0.24924,-0.75017,2.57400,-0.71862,2.57400,1802,1700
12133,12.133,control,104,-0.05623,-0.10000,0.20913,-0.72431,2.57400,-0.63194,2.57400,1747,1700
12153,12.153,control,65,-0.05562,-0.10000,0.15509,-0.64860,2.57400,-0.51492,2.57400,1673,1700
12174,12.174,control,145,-0.05686,-0.10000,0.09081,-0.53902,2.57400,-0.36907,2.57400,1582,1700
12193,12.193,control,383,-0.06053,-0.10000,0.01461,-0.39972,2.57400,-0.17966,2.57400,1463,1700
12213,12.213,control,803,-0.06701,-0.10000,-0.07112,-0.21934,2.57400,0.04136,2.57400,1323,1700
12233,12.233,control,1287,-0.07448,-0.10000,-0.15332,-0.00565,2.57400,0.23777,2.57400,1200,1700
12253,12.253,control,1776,-0.08202,-0.10000,-0.22216,0.19387,2.57400,0.40127,2.57400,1097,1700
12273,12.273,control,2281,-0.08982,-0.10000,-0.27164,0.36387,2.57400,0.52492,2.57400,1019,1700
12293,12.293,control,2781,-0.09753,-0.10000,-0.29513,0.49588,2.57400,0.58953,2.57400,1000,1700
12313,12.313,control,3257,-0.10488,-0.10000,-0.30131,0.57265,2.57400,0.63260,2.57400,1000,1700
12333,12.333,control,3684,-0.11146,-0.10000,-0.29647,0.62179,2.57400,0.65118,2.57400,1000,1700
12354,12.354,control,4059,-0.11725,-0.10000,-0.28098,0.64588,2.57400,0.64418,2.57400,1000,1700
12374,12.374,control,4346,-0.12168,-0.10000,-0.25333,0.64449,2.57400,0.60116,2.57400,1000,1700
12395,12.395,control,4553,-0.12487,-0.10000,-0.21598,0.60897,2.57400,0.53755,2.57400,1011,1700
12414,12.414,control,4669,-0.12666,-0.10000,-0.17118,0.55043,2.57400,0.45112,2.57400,1066,1700
12434,12.434,control,4679,-0.12682,-0.10000,-0.11832,0.46902,2.57400,0.33729,2.57400,1137,1700
12454,12.454,control,4565,-0.12506,-0.10000,-0.05915,0.36104,2.57400,0.20152,2.57400,1223,1700
12474,12.474,control,4233,-0.11993,-0.10000,0.01682,0.23029,2.57400,-0.00833,2.57400,1355,1700
12494,12.494,control,3802,-0.11328,-0.10000,0.09869,0.03470,2.57400,-0.20783,2.57400,1480,1700
12514,12.514,control,3313,-0.10574,-0.10000,0.17714,-0.16409,2.57400,-0.40329,2.57400,1603,1700
12534,12.534,control,2810,-0.09798,-0.10000,0.24270,-0.36015,2.57400,-0.56076,2.57400,1702,1700
12554,12.554,control,2317,-0.09037,-0.10000,0.27975,-0.52458,2.57400,-0.64575,2.57400,1756,1700
12574,12.574,control,1861,-0.08334,-0.10000,0.29357,-0.62390,2.57400,-0.69466,2.57400,1786,1700
12617,12.617,control,1092,-0.07147,-0.10000,0.32795,-0.68190,2.57400,-0.89046,2.57400,1910,1700
12636,12.636,control,875,-0.06812,-0.10000,0.30738,-0.85285,2.57400,-0.73794,2.57400,1814,1700
12656,12.656,control,757,-0.06630,-0.10000,0.26071,-0.75866,2.57400,-0.67078,2.57400,1771,1700
12676,12.676,control,752,-0.06622,-0.10000,0.19799,-0.68663,2.57400,-0.51735,2.57400,1675,1700
12696,12.696,control,857,-0.06784,-0.10000,0.08478,-0.54788,2.57400,-0.22809,2.57400,1493,1700
12716,12.716,control,1171,-0.07269,-0.10000,-0.00654,-0.28576,2.57400,-0.06347,2.57400,1389,1700
12736,12.736,control,1596,-0.07925,-0.10000,-0.09258,-0.10355,2.57400,0.15812,2.57400,1250,1700
12756,12.756,control,2082,-0.08675,-0.10000,-0.17142,0.11093,2.57400,0.34331,2.57400,1134,1700
12776,12.776,control,2602,-0.09477,-0.10000,-0.23990,0.30141,2.57400,0.51702,2.57400,1024,1700
12796,12.796,control,3152,-0.10326,-0.10000,-0.28593,0.47814,2.57400,0.63190,2.57400,1000,1700
12816,12.816,control,3680,-0.11140,-0.10000,-0.31087,0.60418,2.57400,0.70997,2.57400,1000,1700
12848,12.848,control,4182,-0.11915,-0.10000,-0.32008,0.69090,2.57400,0.76013,2.57400,1000,1700
12857,12.857,control,4615,-0.12583,-0.10000,-0.31344,0.74764,2.57400,0.76846,2.57400,1000,1700
12877,12.877,control,4992,-0.13165,-0.10000,-0.29277,0.76471,2.57400,0.74980,2.57400,1000,1700
12897,12.897,control,5296,-0.13634,-0.10000,-0.26237,0.75249,2.57400,0.70819,2.57400,1000,1700
12917,12.917,control,5523,-0.13984,-0.10000,-0.22355,0.71617,2.57400,0.64356,2.57400,1000,1700
12937,12.937,control,5658,-0.14192,-0.10000,-0.17972,0.65666,2.57400,0.56403,2.57400,1000,1700
12957,12.957,control,5663,-0.14200,-0.10000,-0.12639,0.58073,2.57400,0.44401,2.57400,1070,1700
12977,12.977,control,5531,-0.13996,-0.10000,-0.06330,0.46867,2.57400,0.29540,2.57400,1164,1700
12997,12.997,control,5149,-0.13407,-0.10000,0.02141,0.32665,2.57400,0.05685,2.57400,1314,1700
13017,13.017,control,4712,-0.12733,-0.10000,0.10860,0.10550,2.57400,-0.14302,2.57400,1439,1700
13037,13.037,control,4236,-0.11998,-0.10000,0.18671,-0.09820,2.57400,-0.33178,2.57400,1558,1700
13059,13.059,control,3696,-0.11165,-0.10000,0.25421,-0.28966,2.57400,-0.50484,2.57400,1667,1700
13078,13.078,control,3177,-0.10364,-0.10000,0.28925,-0.46603,2.57400,-0.57906,2.57400,1714,1700
13098,13.098,control,2687,-0.09608,-0.10000,0.30549,-0.55868,2.57400,-0.64608,2.57400,1756,1700
13118,13.118,control,2264,-0.08955,-0.10000,0.30464,-0.63032,2.57400,-0.66121,2.57400,1765,1700
13138,13.138,control,1921,-0.08426,-0.10000,0.28310,-0.65564,2.57400,-0.62843,2.57400,1745,1700
13158,13.158,control,1664,-0.08030,-0.10000,0.24835,-0.63334,2.57400,-0.57207,2.57400,1709,1700
13178,13.178,control,1511,-0.07794,-0.10000,0.20152,-0.58312,2.57400,-0.47912,2.57400,1651,1700
13198,13.198,control,1481,-0.07747,-0.10000,0.14503,-0.49787,2.57400,-0.35935,2.57400,1576,1700
13218,13.218,control,1642,-0.07996,-0.10000,0.07364,-0.38433,2.57400,-0.17999,2.57400,1463,1700
13238,13.238,control,1966,-0.08496,-0.10000,-0.01053,-0.21684,2.57400,0.02951,2.57400,1331,1700
13260,13.260,control,2406,-0.09174,-0.10000,-0.09982,-0.01492,2.57400,0.25028,2.57400,1192,1700
13279,13.279,control,2879,-0.09904,-0.10000,-0.18094,0.20245,2.57400,0.43876,2.57400,1074,1700
13299,13.299,control,3372,-0.10665,-0.10000,-0.24114,0.39615,2.57400,0.57877,2.57400,1000,1700
13319,13.319,control,3843,-0.11392,-0.10000,-0.27507,0.54584,2.57400,0.66040,2.57400,1000,1700
13339,13.339,control,4261,-0.12037,-0.10000,-0.28287,0.63974,2.57400,0.68734,2.57400,1000,1700
13359,13.359,control,4622,-0.12594,-0.10000,-0.27312,0.67875,2.57400,0.68632,2.57400,1000,1700
13379,13.379,control,4924,-0.13060,-0.10000,-0.24956,0.68495,2.57400,0.65377,2.57400,1000,1700
13399,13.399,control,5139,-0.13391,-0.10000,-0.21485,0.65939,2.57400,0.59305,2.57400,1000,1700
13419,13.419,control,5259,-0.13577,-0.10000,-0.17225,0.60501,2.57400,0.51150,2.57400,1028,1700
13439,13.439,control,5261,-0.13580,-0.10000,-0.12069,0.52836,2.57400,0.39730,2.57400,1100,1700
13460,13.460,control,5098,-0.13328,-0.10000,-0.05500,0.42094,2.57400,0.23192,2.57400,1204,1700
13502,13.502,control,4269,-0.12049,-0.10000,0.07747,0.26601,2.57400,-0.22586,2.57400,1492,1700
13521,13.521,control,3819,-0.11355,-0.10000,0.17877,-0.13716,2.57400,-0.34580,2.57400,1567,1700
13541,13.541,control,3330,-0.10600,-0.10000,0.26219,-0.30818,2.57400,-0.57704,2.57400,1712,1700
13561,13.561,control,2836,-0.09838,-0.10000,0.32297,-0.52856,2.57400,-0.70033,2.57400,1790,1700
13581,13.581,control,2384,-0.09141,-0.10000,0.30049,-0.66936,2.57400,-0.60076,2.57400,1727,1700
13601,13.601,control,2000,-0.08548,-0.10000,0.28661,-0.61313,2.57400,-0.65705,2.57400,1763,1700
13621,13.621,control,1703,-0.08090,-0.10000,0.26171,-0.64913,2.57400,-0.59832,2.57400,1726,1700
13641,13.641,control,1488,-0.07758,-0.10000,0.22411,-0.60749,2.57400,-0.53949,2.57400,1689,1700
13661,13.661,control,1379,-0.07590,-0.10000,0.17578,-0.55175,2.57400,-0.43841,2.57400,1625,1700
13681,13.681,control,1405,-0.07630,-0.10000,0.11700,-0.45885,2.57400,-0.30751,2.57400,1543,1700
13701,13.701,control,1658,-0.08020,-0.10000,0.03996,-0.33480,2.57400,-0.10220,2.57400,1414,1700
13722,13.722,control,2020,-0.08579,-0.10000,-0.04547,-0.14414,2.57400,0.10126,2.57400,1286,1700
13741,13.741,control,2452,-0.09245,-0.10000,-0.12953,0.05701,2.57400,0.30416,2.57400,1158,1700
13761,13.761,control,2940,-0.09998,-0.10000,-0.20465,0.25959,2.57400,0.48588,2.57400,1044,1700
13781,13.781,control,3444,-0.10776,-0.10000,-0.25430,0.44507,2.57400,0.59898,2.57400,1000,1700
13801,13.801,control,3914,-0.11501,-0.10000,-0.28085,0.57122,2.57400,0.67290,2.57400,1000,1700
13821,13.821,control,4327,-0.12138,-0.10000,-0.28677,0.65457,2.57400,0.70029,2.57400,1000,1700
13841,13.841,control,4676,-0.12677,-0.10000,-0.27353,0.69205,2.57400,0.68703,2.57400,1000,1700
13861,13.861,control,4967,-0.13126,-0.10000,-0.24655,0.68794,2.57400,0.64879,2.57400,1000,1700
13881,13.881,control,5161,-0.13425,-0.10000,-0.20865,0.65585,2.57400,0.57886,2.57400,1000,1700
13901,13.901,control,5235,-0.13539,-0.10000,-0.16067,0.59274,2.57400,0.47842,2.57400,1049,1700
13921,13.921,control,5191,-0.13472,-0.10000,-0.10382,0.49904,2.57400,0.35152,2.57400,1128,1700
13943,13.943,control,4932,-0.13072,-0.10000,-0.02737,0.37812,2.57400,0.14494,2.57400,1258,1700
13962,13.962,control,4540,-0.12467,-0.10000,0.05886,0.18699,2.57400,-0.06564,2.57400,1391,1700
13982,13.982,control,4110,-0.11804,-0.10000,0.13917,-0.02009,2.57400,-0.25178,2.57400,1508,1700
14002,14.002,control,3670,-0.11125,-0.10000,0.20603,-0.21000,2.57400,-0.40768,2.57400,1606,1700
14022,14.022,control,3216,-0.10424,-0.10000,0.24715,-0.37203,2.57400,-0.50135,2.57400,1665,1700
14042,14.042,control,2752,-0.09708,-0.10000,0.26726,-0.47803,2.57400,-0.56743,2.57400,1706,1700
14062,14.062,control,2337,-0.09068,-0.10000,0.27168,-0.55131,2.57400,-0.59732,2.57400,1725,1700
14082,14.082,control,1995,-0.08540,-0.10000,0.26242,-0.58902,2.57400,-0.59576,2.57400,1724,1700
14102,14.102,control,1745,-0.08155,-0.10000,0.23760,-0.59455,2.57400,-0.55118,2.57400,1696,1700
14122,14.122,control,1595,-0.07923,-0.10000,0.19625,-0.55900,2.57400,-0.46528,2.57400,1642,1700
14143,14.143,control,1564,-0.07875,-0.10000,0.14236,-0.48218,2.57400,-0.34829,2.57400,1569,1700
14162,14.162,control,1679,-0.08053,-0.10000,0.07684,-0.37243,2.57400,-0.19284,2.57400,1471,1700
14182,14.182,control,2001,-0.08550,-0.10000,-0.00460,-0.22522,2.57400,0.02169,2.57400,1336,1700
14202,14.202,control,2417,-0.09191,-0.10000,-0.09016,-0.02283,2.57400,0.22605,2.57400,1207,1700
14222,14.222,control,2883,-0.09910,-0.10000,-0.16951,0.18117,2.57400,0.41704,2.57400,1087,1700
14242,14.242,control,3390,-0.10693,-0.10000,-0.23565,0.37450,2.57400,0.57901,2.57400,1000,1700
14262,14.262,control,3881,-0.11450,-0.10000,-0.27375,0.54213,2.57400,0.66483,2.57400,1000,1700
14282,14.282,control,4316,-0.12122,-0.10000,-0.28723,0.64271,2.57400,0.70837,2.57400,1000,1700
14302,14.302,control,4695,-0.12706,-0.10000,-0.28188,0.69653,2.57400,0.71423,2.57400,1000,1700
14322,14.322,control,5015,-0.13200,-0.10000,-0.26008,0.71103,2.57400,0.68447,2.57400,1000,1700
14342,14.342,control,5247,-0.13558,-0.10000,-0.22556,0.68926,2.57400,0.62449,2.57400,1000,1700
14384,14.384,control,5373,-0.13752,-0.10000,-0.18183,0.63617,2.57400,0.53932,2.57400,1010,1700
14404,14.404,control,5192,-0.13473,-0.10000,-0.10823,0.55678,2.57400,0.32543,2.57400,1145,1700
14424,14.424,control,4837,-0.12925,-0.10000,-0.01324,0.36715,2.57400,0.09116,2.57400,1292,1700
14444,14.444,control,4490,-0.12390,-0.10000,0.07779,0.14092,2.57400,-0.10314,2.57400,1414,1700
14464,14.464,control,4081,-0.11759,-0.10000,0.16288,-0.05913,2.57400,-0.30648,2.57400,1542,1700
14484,14.484,control,3629,-0.11061,-0.10000,0.21768,-0.26187,2.57400,-0.41586,2.57400,1611,1700
14504,14.504,control,3186,-0.10378,-0.10000,0.24362,-0.38809,2.57400,-0.48337,2.57400,1654,1700
14524,14.524,control,2731,-0.09676,-0.10000,0.26307,-0.46619,2.57400,-0.56546,2.57400,1705,1700
14544,14.544,control,2317,-0.09037,-0.10000,0.26945,-0.54756,2.57400,-0.59590,2.57400,1724,1700
14564,14.564,control,1967,-0.08497,-0.10000,0.26034,-0.58718,2.57400,-0.59481,2.57400,1724,1700
14584,14.584,control,1704,-0.08091,-0.10000,0.23817,-0.59343,2.57400,-0.56044,2.57400,1702,1700
14606,14.606,control,1529,-0.07821,-0.10000,0.20128,-0.56639,2.57400,-0.48719,2.57400,1656,1700
14625,14.625,control,1483,-0.07750,-0.10000,0.15046,-0.50147,2.57400,-0.37426,2.57400,1585,1700
14645,14.645,control,1579,-0.07898,-0.10000,0.08705,-0.39720,2.57400,-0.22491,2.57400,1491,1700
14665,14.665,control,1892,-0.08381,-0.10000,0.00581,-0.25598,2.57400,-0.00827,2.57400,1355,1700
14685,14.685,control,2297,-0.09006,-0.10000,-0.08121,-0.05294,2.57400,0.19859,2.57400,1225,1700
14705,14.705,control,2750,-0.09705,-0.10000,-0.16121,0.15323,2.57400,0.38808,2.57400,1105,1700
14725,14.725,control,3242,-0.10464,-0.10000,-0.22798,0.34573,2.57400,0.55027,2.57400,1003,1700
14745,14.745,control,3722,-0.11205,-0.10000,-0.26605,0.51338,2.57400,0.63421,2.57400,1000,1700
14765,14.765,control,4137,-0.11845,-0.10000,-0.27855,0.61242,2.57400,0.67239,2.57400,1000,1700
14785,14.785,control,4485,-0.12382,-0.10000,-0.27096,0.66158,2.57400,0.66921,2.57400,1000,1700
14807,14.807,control,4785,-0.12845,-0.10000,-0.24794,0.66783,2.57400,0.63807,2.57400,1000,1700
14826,14.826,control,4988,-0.13158,-0.10000,-0.21112,0.64343,2.57400,0.56771,2.57400,1000,1700
14846,14.846,control,5086,-0.13310,-0.10000,-0.16584,0.58136,2.57400,0.47925,2.57400,1048,1700
14866,14.866,control,5061,-0.13271,-0.10000,-0.11196,0.49766,2.57400,0.35808,2.57400,1124,1700
14886,14.886,control,4873,-0.12981,-0.10000,-0.04309,0.38325,2.57400,0.18318,2.57400,1234,1700
14906,14.906,control,4524,-0.12442,-0.10000,0.03719,0.21926,2.57400,-0.02012,2.57400,1362,1700
14926,14.926,control,4136,-0.11844,-0.10000,0.11376,0.02305,2.57400,-0.19493,2.57400,1472,1700
14946,14.946,control,3720,-0.11202,-0.10000,0.17897,-0.15562,2.57400,-0.34944,2.57400,1569,1700
14966,14.966,control,3273,-0.10512,-0.10000,0.22650,-0.31449,2.57400,-0.46517,2.57400,1642,1700
14986,14.986,control,2827,-0.09824,-0.10000,0.25124,-0.43800,2.57400,-0.53113,2.57400,1684,1700
15006,15.006,control,2428,-0.09208,-0.10000,0.25985,-0.51433,2.57400,-0.56999,2.57400,1708,1700
15027,15.027,control,2085,-0.08679,-0.10000,0.25455,-0.55995,2.57400,-0.57597,2.57400,1712,1700
15046,15.046,control,1830,-0.08286,-0.10000,0.23222,-0.57308,2.57400,-0.53496,2.57400,1686,1700
15066,15.066,control,1655,-0.08016,-0.10000,0.19625,-0.54184,2.57400,-0.46769,2.57400,1644,1700
15086,15.086,control,1597,-0.07926,-0.10000,0.14863,-0.48106,2.57400,-0.36422,2.57400,1579,1700
15106,15.106,control,1700,-0.08085,-0.10000,0.08617,-0.38529,2.57400,-0.21089,2.57400,1482,1700
15126,15.126,control,2011,-0.08565,-0.10000,0.00630,-0.24234,2.57400,-0.00026,2.57400,1350,1700
15146,15.146,control,2420,-0.09196,-0.10000,-0.08073,-0.04392,2.57400,0.21057,2.57400,1217,1700
15166,15.166,control,2869,-0.09889,-0.10000,-0.16161,0.16468,2.57400,0.40055,2.57400,1098,1700
15186,15.186,control,3356,-0.10640,-0.10000,-0.22734,0.35802,2.57400,0.55796,2.57400,1000,1700
15206,15.206,control,3821,-0.11358,-0.10000,-0.26370,0.52190,2.57400,0.63652,2.57400,1000,1700
15226,15.226,control,4208,-0.11955,-0.10000,-0.27223,0.61585,2.57400,0.66079,2.57400,1000,1700
15276,15.276,control,4852,-0.12949,-0.10000,-0.29585,0.65269,2.57400,0.81611,2.57400,1000,1700
15296,15.296,control,4971,-0.13132,-0.10000,-0.26319,0.78664,2.57400,0.63430,2.57400,1000,1700
15316,15.316,control,4978,-0.13143,-0.10000,-0.20392,0.66177,2.57400,0.52966,2.57400,1016,1700
15336,15.336,control,4844,-0.12936,-0.10000,-0.12987,0.55348,2.57400,0.34224,2.57400,1134,1700
15356,15.356,control,4524,-0.12442,-0.10000,-0.00353,0.38033,2.57400,-0.00043,2.57400,1350,1700
15376,15.376,control,4196,-0.11936,-0.10000,0.08265,0.06823,2.57400,-0.11534,2.57400,1422,1700
15396,15.396,control,3786,-0.11304,-0.10000,0.15354,-0.08224,2.57400,-0.30734,2.57400,1543,1700
15416,15.416,control,3352,-0.10634,-0.10000,0.20721,-0.26675,2.57400,-0.42297,2.57400,1616,1700
15436,15.436,control,2916,-0.09961,-0.10000,0.23584,-0.39479,2.57400,-0.49683,2.57400,1662,1700
15458,15.458,control,2452,-0.09245,0.10000,0.25912,-0.47843,2.57400,1.04720,2.57400,1000,1700
15477,15.477,control,2072,-0.08659,0.10000,0.26286,0.77208,2.57400,0.55141,2.57400,1003,1700
15496,15.496,control,1754,-0.08168,0.10000,0.25145,0.59120,2.57400,0.66464,2.57400,1000,1700
15516,15.516,control,1614,-0.07952,0.10000,0.21606,0.65140,2.57400,0.71530,2.57400,1000,1700
15536,15.536,control,1683,-0.08059,0.10000,0.14788,0.70378,2.57400,0.91241,2.57400,1000,1700
15556,15.556,control,1839,-0.08300,0.10000,0.06953,0.87479,2.57400,1.04720,2.57400,1000,1700
15576,15.576,control,2023,-0.08583,0.10000,-0.00820,1.01611,2.57400,1.04720,2.57400,1000,1700
15596,15.596,control,2204,-0.08863,0.10000,-0.06618,1.04159,2.57400,1.04720,2.57400,1000,1700
15616,15.616,control,2353,-0.09093,0.10000,-0.09222,1.04619,2.57400,1.04720,2.57400,1000,1700
15636,15.636,control,2417,-0.09191,0.10000,-0.09009,1.04702,2.57400,1.04720,2.57400,1000,1700
15656,15.656,control,2403,-0.09170,0.10000,-0.06807,1.04716,2.57400,1.04720,2.57400,1000,1700
15676,15.676,control,2214,-0.08878,0.10000,-0.02150,1.04719,2.57400,1.04720,2.57400,1000,1700
15697,15.697,control,1926,-0.08434,0.10000,0.03967,1.04720,2.57400,1.04720,2.57400,1000,1700
15716,15.716,control,1652,-0.08011,0.10000,0.09453,1.04720,2.57400,0.83998,2.57400,1000,1700
15736,15.736,control,1318,-0.07496,0.10000,0.14555,0.87735,2.57400,0.73885,2.57400,1000,1700
15756,15.756,control,1025,-0.07044,0.10000,0.17208,0.76383,2.57400,0.68470,2.57400,1000,1700
15777,15.777,control,671,-0.06497,0.10000,0.18717,0.69897,2.57400,0.62385,2.57400,1000,1700
15798,15.798,control,335,-0.05979,0.10000,0.19840,0.63739,2.57400,0.57623,2.57400,1000,1700
15818,15.818,control,46,-0.05533,0.10000,0.19690,0.58726,2.57400,0.56971,2.57400,1000,1700
15838,15.838,control,-251,-0.05075,0.10000,0.19689,0.57287,2.57400,0.53190,2.57400,1015,1700
15858,15.858,control,-536,-0.04635,0.10000,0.18943,0.53929,2.57400,0.53386,2.57400,1014,1700
15878,15.878,control,-826,-0.04188,0.10000,0.18223,0.53484,2.57400,0.51368,2.57400,1026,1700
15898,15.898,control,-1102,-0.03762,0.10000,0.17866,0.51750,2.57400,0.49295,2.57400,1039,1700
15920,15.920,control,-1388,-0.03320,0.10000,0.17640,0.49738,2.57400,0.46828,2.57400,1055,1700
15939,15.939,control,-1678,-0.02873,0.10000,0.17627,0.47353,2.57400,0.43866,2.57400,1074,1700
15959,15.959,control,-1965,-0.02430,0.10000,0.17590,0.44495,2.57400,0.41360,2.57400,1089,1700
15979,15.979,control,-2229,-0.02023,0.10000,0.17449,0.41925,2.57400,0.39363,2.57400,1102,1700
15999,15.999,control,-2474,-0.01645,0.10000,0.16964,0.39825,2.57400,0.38468,2.57400,1108,1700
16019,16.019,control,-2701,-0.01295,0.10000,0.16138,0.38713,2.57400,0.38282,2.57400,1109,1700
16039,16.039,control,-2896,-0.00994,0.10000,0.14897,0.38360,2.57400,0.39437,2.57400,1101,1700
16059,16.059,control,-3059,-0.00742,0.10000,0.13434,0.39243,2.57400,0.40964,2.57400,1092,1700
16079,16.079,control,-3184,-0.00549,0.10000,0.11699,0.40653,2.57400,0.43621,2.57400,1075,1700
16099,16.099,control,-3283,-0.00397,0.10000,0.09796,0.43086,2.57400,0.46528,2.57400,1057,1700
16119,16.119,control,-3377,-0.00252,0.10000,0.08134,0.45907,2.57400,0.48454,2.57400,1045,1700
16164,16.164,control,-3567,0.00042,0.10000,0.07927,0.47994,2.57400,0.44590,2.57400,1069,1700
16184,16.184,control,-3679,0.00214,0.10000,0.07724,0.45204,2.57400,0.45407,2.57400,1064,1700
16204,16.204,control,-3865,0.00501,0.10000,0.08603,0.45370,2.57400,0.39412,2.57400,1102,1700
16224,16.224,control,-4024,0.00747,0.10000,0.09569,0.40487,2.57400,0.37125,2.57400,1116,1700
16244,16.244,control,-4223,0.01054,0.10000,0.09956,0.37731,2.57400,0.34585,2.57400,1132,1700
16265,16.265,control,-4405,0.01335,0.10000,0.10828,0.35152,2.57400,0.30610,2.57400,1157,1700
16285,16.285,control,-4578,0.01602,0.10000,0.10949,0.31429,2.57400,0.30040,2.57400,1161,1700
16305,16.305,control,-4740,0.01852,0.10000,0.11018,0.30290,2.57400,0.27999,2.57400,1173,1700
16325,16.325,control,-4837,0.02001,0.10000,0.09937,0.28412,2.57400,0.31287,2.57400,1153,1700
16345,16.345,control,-4902,0.02102,0.10000,0.08349,0.30768,2.57400,0.33767,2.57400,1137,1700
16365,16.365,control,-4915,0.02122,0.10000,0.06145,0.33226,2.57400,0.39031,2.57400,1104,1700
16386,16.386,control,-4886,0.02077,0.10000,0.03420,0.37984,2.57400,0.45053,2.57400,1066,1700
16405,16.405,control,-4870,0.02052,0.10000,0.01383,0.43778,2.57400,0.47892,2.57400,1048,1700
16425,16.425,control,-4856,0.02031,0.10000,-0.00082,0.47150,2.57400,0.50531,2.57400,1032,1700
16445,16.445,control,-4864,0.02043,0.10000,-0.00575,0.49921,2.57400,0.50063,2.57400,1035,1700
16465,16.465,control,-4927,0.02140,0.10000,0.00270,0.50037,2.57400,0.46200,2.57400,1059,1700
16485,16.485,control,-5074,0.02367,0.10000,0.02284,0.46892,2.57400,0.39457,2.57400,1101,1700
16505,16.505,control,-5219,0.02591,0.10000,0.04606,0.40797,2.57400,0.33817,2.57400,1137,1700
16525,16.525,control,-5388,0.02851,0.10000,0.07041,0.35076,2.57400,0.27156,2.57400,1179,1700
16545,16.545,control,-5568,0.03129,0.10000,0.09036,0.28584,2.57400,0.22300,2.57400,1209,1700
16565,16.565,control,-5784,0.03462,0.10000,0.10379,0.23433,2.57400,0.18045,2.57400,1236,1700
16585,16.585,control,-6002,0.03799,0.10000,0.11571,0.19017,2.57400,0.13738,2.57400,1263,1700
16606,16.606,control,-6172,0.04061,0.10000,0.11939,0.14690,2.57400,0.12834,2.57400,1269,1700
16625,16.625,control,-6304,0.04265,0.10000,0.11531,0.13169,2.57400,0.13105,2.57400,1267,1700
16645,16.645,control,-6375,0.04374,0.10000,0.09843,0.13117,2.57400,0.17513,2.57400,1239,1700
16665,16.665,control,-6376,0.04376,0.10000,0.06992,0.16720,2.57400,0.24275,2.57400,1197,1700
16685,16.685,control,-6320,0.04289,0.10000,0.03696,0.22912,2.57400,0.31592,2.57400,1151,1700
16705,16.705,control,-6264,0.04203,0.10000,0.00677,0.30027,2.57400,0.37355,2.57400,1115,1700
16725,16.725,control,-6221,0.04137,0.10000,-0.01460,0.36034,2.57400,0.40805,2.57400,1093,1700
16745,16.745,control,-6227,0.04146,0.10000,-0.02047,0.39945,2.57400,0.39874,2.57400,1099,1700
16765,16.765,control,-6279,0.04226,0.10000,-0.01057,0.39886,2.57400,0.35838,2.57400,1124,1700
16785,16.785,control,-6454,0.04496,0.10000,0.01735,0.36568,2.57400,0.26222,2.57400,1185,1700
16805,16.805,control,-6642,0.04786,0.10000,0.05068,0.28088,2.57400,0.18264,2.57400,1235,1700
16826,16.826,control,-6873,0.05143,0.10000,0.08498,0.20035,2.57400,0.08991,2.57400,1293,1700
16845,16.845,control,-7097,0.05488,0.10000,0.11384,0.10983,2.57400,0.02311,2.57400,1335,1700
16865,16.865,control,-7314,0.05823,0.10000,0.12704,0.03875,2.57400,-0.00504,2.57400,1353,1700
16885,16.885,control,-7475,0.06072,0.10000,0.12808,0.00286,2.57400,-0.00920,2.57400,1355,1700
16905,16.905,control,-7560,0.06203,0.10000,0.11263,-0.00702,2.57400,0.03454,2.57400,1328,1700
16925,16.925,control,-7530,0.06156,0.10000,0.08055,0.02704,2.57400,0.12021,2.57400,1274,1700
16945,16.945,control,-7349,0.05877,0.10000,0.02795,0.10341,2.57400,0.26762,2.57400,1181,1700
16965,16.965,control,-7144,0.05561,0.10000,-0.02737,0.23800,2.57400,0.38675,2.57400,1106,1700
16986,16.986,control,-6897,0.05180,0.10000,-0.07982,0.35992,2.57400,0.51224,2.57400,1027,1700
17006,17.006,control,-6675,0.04837,0.10000,-0.11629,0.48477,2.57400,0.57941,2.57400,1000,1700
17027,17.027,control,-6482,0.04539,0.10000,-0.12853,0.56235,2.57400,0.59598,2.57400,1000,1700
17072,17.072,control,-6417,0.04439,0.10000,-0.11708,0.58991,2.57400,0.54966,2.57400,1004,1700
17091,17.091,control,-6665,0.04822,0.10000,-0.06018,0.55692,2.57400,0.34687,2.57400,1131,1700
17111,17.111,control,-6899,0.05183,0.10000,0.00614,0.38475,2.57400,0.21353,2.57400,1215,1700
17131,17.131,control,-7167,0.05596,0.10000,0.07583,0.24441,2.57400,0.04129,2.57400,1324,1700
17151,17.151,control,-7460,0.06048,0.10000,0.13540,0.07792,2.57400,-0.08353,2.57400,1402,1700
17171,17.171,control,-7781,0.06544,0.10000,0.16116,-0.05442,2.57400,-0.12641,2.57400,1429,1700
17191,17.191,control,-8128,0.07079,0.10000,0.18109,-0.11342,2.57400,-0.20607,2.57400,1479,1700
17211,17.211,control,-8464,0.07598,0.10000,0.19441,-0.18936,2.57400,-0.25044,2.57400,1507,1700
17231,17.231,control,-8772,0.08073,0.10000,0.20003,-0.23943,2.57400,-0.28332,2.57400,1528,1700
17251,17.251,control,-9038,0.08483,0.10000,0.19577,-0.27540,2.57400,-0.28707,2.57400,1530,1700
17271,17.271,control,-9247,0.08806,0.10000,0.17959,-0.28496,2.57400,-0.26123,2.57400,1514,1700
17293,17.293,control,-9375,0.09003,0.10000,0.15227,-0.26551,2.57400,-0.20632,2.57400,1479,1700
17312,17.312,control,-9295,0.08880,0.10000,0.10217,-0.21700,2.57400,-0.06381,2.57400,1390,1700
17332,17.332,control,-9032,0.08474,0.10000,0.03000,-0.09144,2.57400,0.12613,2.57400,1270,1700
17352,17.352,control,-8697,0.07957,0.10000,-0.05040,0.08690,2.57400,0.31748,2.57400,1150,1700
17372,17.372,control,-8371,0.07454,0.10000,-0.12356,0.27590,2.57400,0.47617,2.57400,1050,1700
17392,17.392,control,-8071,0.06991,0.10000,-0.16927,0.44006,2.57400,0.55846,2.57400,1000,1700
17412,17.412,control,-7804,0.06579,0.10000,-0.18341,0.53711,2.57400,0.57950,2.57400,1000,1700
17433,17.433,control,-7567,0.06214,0.10000,-0.17707,0.57186,2.57400,0.57261,2.57400,1000,1700
17453,17.453,control,-7384,0.05931,0.10000,-0.15973,0.57247,2.57400,0.54505,2.57400,1007,1700
17473,17.473,control,-7234,0.05700,0.10000,-0.13832,0.55000,2.57400,0.51516,2.57400,1025,1700
17493,17.493,control,-7176,0.05610,0.10000,-0.10932,0.52144,2.57400,0.44988,2.57400,1067,1700
17514,17.514,control,-7265,0.05748,0.10000,-0.06542,0.46278,2.57400,0.33330,2.57400,1140,1700
17533,17.533,control,-7514,0.06132,0.10000,-0.00558,0.35665,2.57400,0.17225,2.57400,1241,1700
17553,17.553,control,-7808,0.06585,0.10000,0.06032,0.20550,2.57400,0.01578,2.57400,1340,1700
17573,17.573,control,-8141,0.07099,0.10000,0.12232,0.04999,2.57400,-0.13117,2.57400,1432,1700
17593,17.593,control,-8510,0.07669,0.10000,0.17117,-0.09850,2.57400,-0.24587,2.57400,1504,1700
17613,17.613,control,-8888,0.08252,0.10000,0.19975,-0.21930,2.57400,-0.31533,2.57400,1548,1700
17633,17.633,control,-9243,0.08800,0.10000,0.21492,-0.29801,2.57400,-0.36683,2.57400,1580,1700
17653,17.653,control,-9537,0.09253,0.10000,0.21525,-0.35442,2.57400,-0.37572,2.57400,1586,1700
17673,17.673,control,-9751,0.09583,0.10000,0.19861,-0.37188,2.57400,-0.34363,2.57400,1566,1700
17694,17.694,control,-9876,0.09776,0.10000,0.16630,-0.34872,2.57400,-0.27452,2.57400,1522,1700
17715,17.715,control,-9862,0.09755,0.10000,0.11675,-0.28790,2.57400,-0.15315,2.57400,1446,1700
17737,17.737,control,-9602,0.09353,0.10000,0.04204,-0.17745,2.57400,0.05523,2.57400,1315,1700
17756,17.756,control,-9232,0.08783,0.10000,-0.04344,0.01327,2.57400,0.26012,2.57400,1186,1700
17776,17.776,control,-8820,0.08147,0.10000,-0.12709,0.21561,2.57400,0.45760,2.57400,1062,1700
17796,17.796,control,-8413,0.07519,0.10000,-0.19463,0.41396,2.57400,0.60444,2.57400,1000,1700
17816,17.816,control,-8038,0.06940,0.10000,-0.22731,0.57009,2.57400,0.66193,2.57400,1000,1700
17836,17.836,control,-7717,0.06445,0.10000,-0.23182,0.64537,2.57400,0.67555,2.57400,1000,1700
17856,17.856,control,-7439,0.06016,0.10000,-0.21871,0.67011,2.57400,0.66018,2.57400,1000,1700
17876,17.876,control,-7198,0.05644,0.10000,-0.19684,0.66197,2.57400,0.63339,2.57400,1000,1700
17896,17.896,control,-7007,0.05349,0.10000,-0.17041,0.63855,2.57400,0.59436,2.57400,1000,1700
17916,17.916,control,-6909,0.05198,0.10000,-0.13839,0.60233,2.57400,0.53107,2.57400,1015,1700
17936,17.936,control,-6949,0.05260,0.10000,-0.09444,0.54392,2.57400,0.42209,2.57400,1084,1700
17983,17.983,control,-7574,0.06224,0.10000,0.01228,0.44406,2.57400,0.04265,2.57400,1323,1700
18002,18.002,control,-7866,0.06675,0.10000,0.09646,0.11503,2.57400,-0.04801,2.57400,1380,1700
18022,18.022,control,-8219,0.07220,0.10000,0.17043,-0.01861,2.57400,-0.25269,2.57400,1508,1700
18042,18.042,control,-8589,0.07790,0.10000,0.22826,-0.21048,2.57400,-0.36639,2.57400,1580,1700
18062,18.062,control,-8968,0.08375,0.10000,0.21904,-0.33828,2.57400,-0.30753,2.57400,1543,1700
18082,18.082,control,-9318,0.08915,0.10000,0.22254,-0.31307,2.57400,-0.39326,2.57400,1597,1700
18102,18.102,control,-9608,0.09363,0.10000,0.21678,-0.37880,2.57400,-0.37504,2.57400,1585,1700
18122,18.122,control,-9830,0.09705,0.10000,0.19907,-0.37572,2.57400,-0.35520,2.57400,1573,1700
18143,18.143,control,-9959,0.09904,0.10000,0.16676,-0.35890,2.57400,-0.28227,2.57400,1527,1700
18163,18.163,control,-9902,0.09816,0.10000,0.11310,-0.29609,2.57400,-0.14194,2.57400,1439,1700
18184,18.184,control,-9630,0.09397,0.10000,0.03631,-0.16974,2.57400,0.06403,2.57400,1309,1700
18203,18.203,control,-9287,0.08867,0.10000,-0.04776,0.02187,2.57400,0.25927,2.57400,1186,1700
18223,18.223,control,-8940,0.08332,0.10000,-0.12439,0.21646,2.57400,0.42878,2.57400,1080,1700
18243,18.243,control,-8623,0.07843,0.10000,-0.17546,0.39049,2.57400,0.52438,2.57400,1020,1700
18263,18.263,control,-8361,0.07439,0.10000,-0.18970,0.50024,2.57400,0.53599,2.57400,1012,1700
18283,18.283,control,-8170,0.07144,0.10000,-0.17755,0.52955,2.57400,0.50653,2.57400,1031,1700
18303,18.303,control,-8049,0.06957,0.10000,-0.14950,0.51068,2.57400,0.44769,2.57400,1068,1700
18323,18.323,control,-7984,0.06857,0.10000,-0.11387,0.45905,2.57400,0.37809,2.57400,1112,1700
18343,18.343,control,-8001,0.06883,0.10000,-0.07304,0.39269,2.57400,0.28865,2.57400,1168,1700
18363,18.363,control,-8219,0.07220,0.10000,-0.01662,0.30741,2.57400,0.12907,2.57400,1268,1700
18383,18.383,control,-8539,0.07713,0.10000,0.04794,0.16123,2.57400,-0.03070,2.57400,1369,1700
18404,18.404,control,-8893,0.08259,0.10000,0.11256,0.00391,2.57400,-0.18833,2.57400,1468,1700
18423,18.423,control,-9251,0.08812,0.10000,0.16878,-0.15366,2.57400,-0.31896,2.57400,1550,1700
18443,18.443,control,-9580,0.09319,0.10000,0.19763,-0.28915,2.57400,-0.37103,2.57400,1583,1700
18463,18.463,control,-9863,0.09756,0.10000,0.20229,-0.35627,2.57400,-0.38474,2.57400,1591,1700
18483,18.483,control,-10070,0.10076,0.10000,0.18781,-0.37961,2.57400,-0.35444,2.57400,1572,1700
18503,18.503,control,-10173,0.10234,0.10000,0.15593,-0.35898,2.57400,-0.28140,2.57400,1526,1700
18523,18.523,control,-10193,0.10265,0.10000,0.11299,-0.29539,2.57400,-0.18907,2.57400,1468,1700
18543,18.543,control,-10029,0.10012,0.10000,0.05183,-0.20824,2.57400,-0.02405,2.57400,1365,1700
18563,18.563,control,-9746,0.09576,0.10000,-0.01945,-0.05726,2.57400,0.14831,2.57400,1256,1700
18583,18.583,control,-9421,0.09074,0.10000,-0.08706,0.11124,2.57400,0.30314,2.57400,1159,1700
18603,18.603,control,-9088,0.08560,0.10000,-0.14546,0.26854,2.57400,0.43709,2.57400,1075,1700
18624,18.624,control,-8773,0.08074,0.10000,-0.17930,0.40669,2.57400,0.50129,2.57400,1034,1700
18643,18.643,control,-8519,0.07682,0.10000,-0.18631,0.48423,2.57400,0.51068,2.57400,1028,1700
18663,18.663,control,-8334,0.07397,0.10000,-0.17330,0.50591,2.57400,0.48277,2.57400,1046,1700
18683,18.683,control,-8217,0.07216,0.10000,-0.14606,0.48694,2.57400,0.42602,2.57400,1082,1700
18703,18.703,control,-8175,0.07152,0.10000,-0.10841,0.43701,2.57400,0.34490,2.57400,1133,1700
18723,18.723,control,-8255,0.07275,0.10000,-0.06104,0.36151,2.57400,0.23032,2.57400,1205,1700
18743,18.743,control,-8549,0.07729,0.10000,0.00491,0.25398,2.57400,0.04300,2.57400,1322,1700
18763,18.763,control,-8906,0.08280,0.10000,0.07589,0.08105,2.57400,-0.12490,2.57400,1428,1700
18783,18.783,control,-9263,0.08830,0.10000,0.14028,-0.08776,2.57400,-0.27416,2.57400,1522,1700
18803,18.803,control,-9624,0.09387,0.10000,0.18995,-0.24055,2.57400,-0.38724,2.57400,1593,1700
18823,18.823,control,-9957,0.09901,0.10000,0.20906,-0.36079,2.57400,-0.41886,2.57400,1613,1700
18865,18.865,control,-10374,0.10545,0.10000,0.22127,-0.40839,2.57400,-0.49264,2.57400,1659,1700
18884,18.884,control,-10469,0.10691,0.10000,0.19664,-0.47745,2.57400,-0.37887,2.57400,1588,1700
18904,18.904,control,-10478,0.10705,0.10000,0.15123,-0.39665,2.57400,-0.28881,2.57400,1531,1700
18924,18.924,control,-10381,0.10555,0.10000,0.09116,-0.30826,2.57400,-0.13907,2.57400,1437,1700
18944,18.944,control,-10104,0.10128,0.10000,-0.00181,-0.16958,2.57400,0.11190,2.57400,1279,1700
18964,18.964,control,-9767,0.09608,0.10000,-0.07636,0.06114,2.57400,0.24756,2.57400,1194,1700
18984,18.984,control,-9408,0.09054,0.10000,-0.13848,0.21395,2.57400,0.40098,2.57400,1097,1700
19004,19.004,control,-9050,0.08502,0.10000,-0.18530,0.36725,2.57400,0.50392,2.57400,1033,1700
19024,19.024,control,-8731,0.08010,0.10000,-0.20388,0.47927,2.57400,0.53733,2.57400,1012,1700
19044,19.044,control,-8468,0.07604,0.10000,-0.20147,0.52686,2.57400,0.53842,2.57400,1011,1700
19065,19.065,control,-8280,0.07314,0.10000,-0.18227,0.53634,2.57400,0.49940,2.57400,1035,1700
19084,19.084,control,-8152,0.07116,0.10000,-0.15167,0.50606,2.57400,0.44140,2.57400,1072,1700
19104,19.104,control,-8082,0.07008,0.10000,-0.11560,0.45306,2.57400,0.37213,2.57400,1115,1700
19124,19.124,control,-8100,0.07036,0.10000,-0.07443,0.38673,2.57400,0.28137,2.57400,1173,1700
19144,19.144,control,-8306,0.07354,0.10000,-0.01952,0.30037,2.57400,0.12945,2.57400,1268,1700
19164,19.164,control,-8636,0.07863,0.10000,0.04642,0.16027,2.57400,-0.04073,2.57400,1375,1700
19184,19.184,control,-9009,0.08438,0.10000,0.11405,-0.00449,2.57400,-0.20603,2.57400,1479,1700
19204,19.204,control,-9376,0.09005,0.10000,0.17203,-0.16968,2.57400,-0.33852,2.57400,1562,1700
19224,19.224,control,-9710,0.09520,0.10000,0.20325,-0.30807,2.57400,-0.39709,2.57400,1599,1700
19244,19.244,control,-10009,0.09981,0.10000,0.20927,-0.38103,2.57400,-0.41370,2.57400,1610,1700
19264,19.264,control,-10246,0.10347,0.10000,0.19639,-0.40781,2.57400,-0.39104,2.57400,1595,1700
19285,19.285,control,-10390,0.10569,0.10000,0.16844,-0.39406,2.57400,-0.33264,2.57400,1559,1700
19304,19.304,control,-10458,0.10674,0.10000,0.13132,-0.34372,2.57400,-0.25778,2.57400,1512,1700
19324,19.324,control,-10370,0.10538,0.10000,0.07839,-0.27328,2.57400,-0.12017,2.57400,1425,1700
19344,19.344,control,-10119,0.10151,0.10000,0.00980,-0.14778,2.57400,0.05618,2.57400,1314,1700
19364,19.364,control,-9811,0.09676,0.10000,-0.05960,0.01940,2.57400,0.21504,2.57400,1214,1700
19384,19.384,control,-9489,0.09179,0.10000,-0.12254,0.17976,2.57400,0.35987,2.57400,1123,1700
19404,19.404,control,-9167,0.08682,0.10000,-0.16669,0.32739,2.57400,0.45227,2.57400,1065,1700
19424,19.424,control,-8885,0.08247,0.10000,-0.18329,0.42975,2.57400,0.48001,2.57400,1048,1700
19445,19.445,control,-8648,0.07881,0.10000,-0.18060,0.47094,2.57400,0.48051,2.57400,1047,1700
19465,19.465,control,-8490,0.07638,0.10000,-0.16208,0.47878,2.57400,0.43999,2.57400,1073,1700
19486,19.486,control,-8418,0.07527,0.10000,-0.12952,0.44699,2.57400,0.36761,2.57400,1118,1700
19507,19.507,control,-8463,0.07596,0.10000,-0.08444,0.38193,2.57400,0.25881,2.57400,1187,1700
19526,19.526,control,-8710,0.07977,0.10000,-0.01863,0.28101,2.57400,0.07490,2.57400,1302,1700
19546,19.546,control,-9027,0.08466,0.10000,0.05241,0.11207,2.57400,-0.08956,2.57400,1406,1700
19567,19.567,control,-9389,0.09025,0.10000,0.12060,-0.05320,2.57400,-0.25454,2.57400,1510,1700
19587,19.587,control,-9714,0.09526,0.10000,0.17130,-0.21823,2.57400,-0.35655,2.57400,1574,1700
19607,19.607,control,-10004,0.09974,0.10000,0.19115,-0.33161,2.57400,-0.38847,2.57400,1594,1700
19627,19.627,control,-10235,0.10330,0.10000,0.18782,-0.37822,2.57400,-0.38209,2.57400,1590,1700
19647,19.647,control,-10418,0.10612,0.10000,0.16748,-0.38140,2.57400,-0.34298,2.57400,1565,1700
19667,19.667,control,-10521,0.10771,0.10000,0.13741,-0.34991,2.57400,-0.28350,2.57400,1528,1700
19687,19.687,control,-10531,0.10787,0.10000,0.09814,-0.29547,2.57400,-0.19511,2.57400,1472,1700
19707,19.707,control,-10323,0.10466,0.10000,0.03895,-0.21321,2.57400,-0.02597,2.57400,1366,1700
19748,19.748,control,-9735,0.09559,0.10000,-0.06208,-0.05973,2.57400,0.29116,2.57400,1166,1700
19768,19.768,control,-9397,0.09037,0.10000,-0.14003,0.22789,2.57400,0.39800,2.57400,1099,1700
19788,19.788,control,-9101,0.08580,0.10000,-0.19646,0.36733,2.57400,0.53209,2.57400,1015,1700
19808,19.808,control,-8861,0.08210,0.10000,-0.21684,0.50238,2.57400,0.54241,2.57400,1008,1700
19828,19.828,control,-8691,0.07948,0.10000,-0.17781,0.53519,2.57400,0.41922,2.57400,1086,1700
19848,19.848,control,-8581,0.07778,0.10000,-0.14148,0.44014,2.57400,0.38517,2.57400,1107,1700
19868,19.868,control,-8584,0.07783,0.10000,-0.09828,0.39509,2.57400,0.27524,2.57400,1176,1700
19888,19.888,control,-8821,0.08148,0.10000,-0.03381,0.29686,2.57400,0.09539,2.57400,1290,1700
19909,19.909,control,-9161,0.08673,0.10000,0.04062,0.13172,2.57400,-0.08652,2.57400,1404,1700
19929,19.929,control,-9474,0.09156,0.10000,0.10864,-0.04716,2.57400,-0.23343,2.57400,1496,1700
19949,19.949,control,-9783,0.09633,0.10000,0.16209,-0.19984,2.57400,-0.35056,2.57400,1570,1700
19971,19.971,control,-10089,0.10105,0.10000,0.18558,-0.32339,2.57400,-0.38980,2.57400,1595,1700
19990,19.990,control,-10314,0.10452,0.10000,0.18021,-0.37782,2.57400,-0.37027,2.57400,1582,1700
20010,20.010,control,-10453,0.10666,0.10000,0.15980,-0.37163,2.57400,-0.33040,2.57400,1557,1700
20030,20.030,control,-10524,0.10776,0.10000,0.12797,-0.33783,2.57400,-0.26165,2.57400,1514,1700
20051,20.051,control,-10489,0.10722,0.10000,0.08160,-0.27539,2.57400,-0.14839,2.57400,1443,1700
20071,20.071,control,-10259,0.10367,0.10000,0.01854,-0.17129,2.57400,0.02156,2.57400,1336,1700
20091,20.091,control,-9973,0.09926,0.10000,-0.04628,-0.01322,2.57400,0.16832,2.57400,1244,1700
20111,20.111,control,-9666,0.09452,0.10000,-0.10655,0.13558,2.57400,0.31014,2.57400,1154,1700
20131,20.131,control,-9356,0.08974,0.10000,-0.15434,0.27866,2.57400,0.41566,2.57400,1088,1700
20151,20.151,control,-9067,0.08528,0.10000,-0.17505,0.39095,2.57400,0.45097,2.57400,1066,1700
20172,20.172,control,-8832,0.08165,0.10000,-0.17575,0.44015,2.57400,0.45661,2.57400,1062,1700
20191,20.191,control,-8663,0.07905,0.10000,-0.16106,0.45364,2.57400,0.42640,2.57400,1081,1700
20211,20.211,control,-8568,0.07758,0.10000,-0.13343,0.43131,2.57400,0.36718,2.57400,1119,1700
20231,20.231,control,-8546,0.07724,0.10000,-0.09630,0.37874,2.57400,0.28641,2.57400,1169,1700
20251,20.251,control,-8640,0.07869,0.10000,-0.04963,0.30306,2.57400,0.17198,2.57400,1241,1700
20271,20.271,control,-8926,0.08310,0.10000,0.01352,0.19561,2.57400,-0.00495,2.57400,1353,1700
20291,20.291,control,-9271,0.08843,0.10000,0.07998,0.03122,2.57400,-0.16217,2.57400,1452,1700
20311,20.311,control,-9602,0.09353,0.10000,0.13805,-0.12730,2.57400,-0.29382,2.57400,1534,1700
20331,20.331,control,-9914,0.09835,0.10000,0.17902,-0.26379,2.57400,-0.38202,2.57400,1590,1700
20351,20.351,control,-10192,0.10264,0.10000,0.19044,-0.36070,2.57400,-0.39606,2.57400,1599,1700
20371,20.371,control,-10408,0.10597,0.10000,0.17994,-0.38968,2.57400,-0.37622,2.57400,1586,1700
20392,20.392,control,-10574,0.10853,0.10000,0.15896,-0.37865,2.57400,-0.34227,2.57400,1565,1700
20411,20.411,control,-10667,0.10997,0.10000,0.12902,-0.34883,2.57400,-0.28043,2.57400,1526,1700
20431,20.431,control,-10663,0.10991,0.10000,0.08958,-0.29276,2.57400,-0.19036,2.57400,1469,1700
20451,20.451,control,-10475,0.10700,0.10000,0.03411,-0.20883,2.57400,-0.03781,2.57400,1373,1700
20471,20.471,control,-10202,0.10279,0.10000,-0.02995,-0.06865,2.57400,0.11695,2.57400,1276,1700
20491,20.491,control,-9900,0.09813,0.10000,-0.09183,0.08348,2.57400,0.26087,2.57400,1185,1700
20511,20.511,control,-9577,0.09315,0.10000,-0.14484,0.22888,2.57400,0.38396,2.57400,1108,1700
20531,20.531,control,-9250,0.08810,0.10000,-0.17576,0.35600,2.57400,0.44835,2.57400,1067,1700
20551,20.551,control,-8963,0.08367,0.10000,-0.18655,0.43170,2.57400,0.47669,2.57400,1050,1700
20571,20.571,control,-8740,0.08023,0.10000,-0.18125,0.46857,2.57400,0.46945,2.57400,1054,1700
