t_ms,t_s,set_index,segment,phase,servo_us,esc_pwm_us,count,count_delta,count_from_start
10005,10.005,1,angle_p45_esc1850,user_wait,1000,1000,5626,0,0
10025,10.025,1,angle_p45_esc1850,user_wait,1000,1000,5626,0,0
10045,10.045,1,angle_p45_esc1850,user_wait,1000,1000,5626,0,0
10065,10.065,1,angle_p45_esc1850,user_wait,1000,1000,5626,0,0
10085,10.085,1,angle_p45_esc1850,user_wait,1000,1000,5626,0,0
10105,10.105,1,angle_p45_esc1850,user_wait,1000,1000,5626,0,0
10125,10.125,1,angle_p45_esc1850,user_wait,1000,1000,5626,0,0
10165,10.165,1,angle_p45_esc1850,user_wait,1000,1000,5626,0,0
10185,10.185,1,angle_p45_esc1850,user_wait,1000,1000,5626,0,0
10205,10.205,1,angle_p45_esc1850,user_wait,1000,1000,5626,0,0
10226,10.226,1,angle_p45_esc1850,run,1000,1850,5626,0,0
10246,10.246,1,angle_p45_esc1850,run,1000,1850,5626,0,0
10266,10.266,1,angle_p45_esc1850,run,1000,1850,5626,0,0
10286,10.286,1,angle_p45_esc1850,run,1000,1850,5625,-1,-1
10306,10.306,1,angle_p45_esc1850,run,1000,1850,5625,0,-1
10326,10.326,1,angle_p45_esc1850,run,1000,1850,5625,0,-1
10346,10.346,1,angle_p45_esc1850,run,1000,1850,5625,0,-1
10366,10.366,1,angle_p45_esc1850,run,1000,1850,5625,0,-1
10386,10.386,1,angle_p45_esc1850,run,1000,1850,5621,-4,-5
10406,10.406,1,angle_p45_esc1850,run,1000,1850,5614,-7,-12
10426,10.426,1,angle_p45_esc1850,run,1000,1850,5592,-22,-34
10446,10.446,1,angle_p45_esc1850,run,1000,1850,5548,-44,-78
10466,10.466,1,angle_p45_esc1850,run,1000,1850,5497,-51,-129
10486,10.486,1,angle_p45_esc1850,run,1000,1850,5452,-45,-174
10506,10.506,1,angle_p45_esc1850,run,1000,1850,5396,-56,-230
10526,10.526,1,angle_p45_esc1850,run,1000,1850,5356,-40,-270
10546,10.546,1,angle_p45_esc1850,run,1000,1850,5304,-52,-322
10566,10.566,1,angle_p45_esc1850,run,1000,1850,5268,-36,-358
10586,10.586,1,angle_p45_esc1850,run,1000,1850,5224,-44,-402
10606,10.606,1,angle_p45_esc1850,run,1000,1850,5193,-31,-433
10626,10.626,1,angle_p45_esc1850,run,1000,1850,5157,-36,-469
10646,10.646,1,angle_p45_esc1850,run,1000,1850,5127,-30,-499
10666,10.666,1,angle_p45_esc1850,run,1000,1850,5100,-27,-526
10686,10.686,1,angle_p45_esc1850,run,1000,1850,5073,-27,-553
10706,10.706,1,angle_p45_esc1850,run,1000,1850,5048,-25,-578
10726,10.726,1,angle_p45_esc1850,run,1000,1850,5017,-31,-609
10746,10.746,1,angle_p45_esc1850,run,1000,1850,4980,-37,-646
10766,10.766,1,angle_p45_esc1850,run,1000,1850,4928,-52,-698
10786,10.786,1,angle_p45_esc1850,run,1000,1850,4846,-82,-780
10806,10.806,1,angle_p45_esc1850,run,1000,1850,4741,-105,-885
10826,10.826,1,angle_p45_esc1850,run,1000,1850,4637,-104,-989
10846,10.846,1,angle_p45_esc1850,run,1000,1850,4480,-157,-1146
10866,10.866,1,angle_p45_esc1850,run,1000,1850,4325,-155,-1301
10886,10.886,1,angle_p45_esc1850,run,1000,1850,4139,-186,-1487
10906,10.906,1,angle_p45_esc1850,run,1000,1850,3902,-237,-1724
10926,10.926,1,angle_p45_esc1850,run,1000,1850,3638,-264,-1988
10946,10.946,1,angle_p45_esc1850,run,1000,1850,3318,-320,-2308
10966,10.966,1,angle_p45_esc1850,run,1000,1850,2970,-348,-2656
10986,10.986,1,angle_p45_esc1850,run,1000,1850,2610,-360,-3016
11006,11.006,1,angle_p45_esc1850,run,1000,1850,2222,-388,-3404
11026,11.026,1,angle_p45_esc1850,run,1000,1850,1843,-379,-3783
11046,11.046,1,angle_p45_esc1850,run,1000,1850,1429,-414,-4197
11066,11.066,1,angle_p45_esc1850,run,1000,1850,992,-437,-4634
11086,11.086,1,angle_p45_esc1850,run,1000,1850,545,-447,-5081
11106,11.106,1,angle_p45_esc1850,run,1000,1850,69,-476,-5557
11126,11.126,1,angle_p45_esc1850,run,1000,1850,-392,-461,-6018
11146,11.146,1,angle_p45_esc1850,run,1000,1850,-859,-467,-6485
11166,11.166,1,angle_p45_esc1850,run,1000,1850,-1336,-477,-6962
11186,11.186,1,angle_p45_esc1850,run,1000,1850,-1807,-471,-7433
11206,11.206,1,angle_p45_esc1850,run,1000,1850,-2312,-505,-7938
11226,11.226,1,angle_p45_esc1850,run,1000,1850,-2792,-480,-8418
11246,11.246,1,angle_p45_esc1850,run,1000,1850,-3284,-492,-8910
11266,11.266,1,angle_p45_esc1850,run,1000,1850,-3789,-505,-9415
11286,11.286,1,angle_p45_esc1850,run,1000,1850,-4291,-502,-9917
11306,11.306,1,angle_p45_esc1850,run,1000,1850,-4812,-521,-10438
11326,11.326,1,angle_p45_esc1850,run,1000,1850,-5316,-504,-10942
11360,11.360,1,angle_p45_esc1850,run,1000,1850,-6165,-849,-11791
11379,11.379,1,angle_p45_esc1850,run,1000,1850,-6640,-475,-12266
11399,11.399,1,angle_p45_esc1850,run,1000,1850,-7143,-503,-12769
11419,11.419,1,angle_p45_esc1850,run,1000,1850,-7650,-507,-13276
11439,11.439,1,angle_p45_esc1850,run,1000,1850,-8134,-484,-13760
11459,11.459,1,angle_p45_esc1850,run,1000,1850,-8640,-506,-14266
11479,11.479,1,angle_p45_esc1850,run,1000,1850,-9140,-500,-14766
11499,11.499,1,angle_p45_esc1850,run,1000,1850,-9628,-488,-15254
11519,11.519,1,angle_p45_esc1850,run,1000,1850,-10111,-483,-15737
11539,11.539,1,angle_p45_esc1850,run,1000,1850,-10565,-454,-16191
11559,11.559,1,angle_p45_esc1850,run,1000,1850,-11044,-479,-16670
11579,11.579,1,angle_p45_esc1850,run,1000,1850,-11509,-465,-17135
11599,11.599,1,angle_p45_esc1850,run,1000,1850,-11965,-456,-17591
11619,11.619,1,angle_p45_esc1850,run,1000,1850,-12420,-455,-18046
11639,11.639,1,angle_p45_esc1850,run,1000,1850,-12834,-414,-18460
11659,11.659,1,angle_p45_esc1850,run,1000,1850,-12822,12,-18448
11679,11.679,1,angle_p45_esc1850,run,1000,1850,-12768,54,-18394
11699,11.699,1,angle_p45_esc1850,run,1000,1850,-12746,22,-18372
11719,11.719,1,angle_p45_esc1850,run,1000,1850,-12828,-82,-18454
11739,11.739,1,angle_p45_esc1850,run,1000,1850,-12815,13,-18441
11759,11.759,1,angle_p45_esc1850,run,1000,1850,-12810,5,-18436
11779,11.779,1,angle_p45_esc1850,run,1000,1850,-12815,-5,-18441
11799,11.799,1,angle_p45_esc1850,run,1000,1850,-12804,11,-18430
11819,11.819,1,angle_p45_esc1850,run,1000,1850,-12814,-10,-18440
11839,11.839,1,angle_p45_esc1850,run,1000,1850,-12810,4,-18436
11859,11.859,1,angle_p45_esc1850,run,1000,1850,-12818,-8,-18444
11879,11.879,1,angle_p45_esc1850,run,1000,1850,-12818,0,-18444
11899,11.899,1,angle_p45_esc1850,run,1000,1850,-12816,2,-18442
11919,11.919,1,angle_p45_esc1850,run,1000,1850,-12821,-5,-18447
11939,11.939,1,angle_p45_esc1850,run,1000,1850,-12813,8,-18439
11959,11.959,1,angle_p45_esc1850,run,1000,1850,-12812,1,-18438
11979,11.979,1,angle_p45_esc1850,run,1000,1850,-12811,1,-18437
11999,11.999,1,angle_p45_esc1850,run,1000,1850,-12807,4,-18433
12019,12.019,1,angle_p45_esc1850,run,1000,1850,-12817,-10,-18443
12039,12.039,1,angle_p45_esc1850,run,1000,1850,-12814,3,-18440
12059,12.059,1,angle_p45_esc1850,run,1000,1850,-12818,-4,-18444
12079,12.079,1,angle_p45_esc1850,run,1000,1850,-12819,-1,-18445
12099,12.099,1,angle_p45_esc1850,run,1000,1850,-12815,4,-18441
12119,12.119,1,angle_p45_esc1850,run,1000,1850,-12820,-5,-18446
12139,12.139,1,angle_p45_esc1850,run,1000,1850,-12813,7,-18439
12159,12.159,1,angle_p45_esc1850,run,1000,1850,-12811,2,-18437
12179,12.179,1,angle_p45_esc1850,run,1000,1850,-12813,-2,-18439
12199,12.199,1,angle_p45_esc1850,run,1000,1850,-12808,5,-18434
12219,12.219,1,angle_p45_esc1850,run,1000,1850,-12816,-8,-18442
12239,12.239,1,angle_p45_esc1850,run,1000,1850,-12814,2,-18440
12259,12.259,1,angle_p45_esc1850,run,1000,1850,-12817,-3,-18443
12279,12.279,1,angle_p45_esc1850,run,1000,1850,-12822,-5,-18448
12299,12.299,1,angle_p45_esc1850,run,1000,1850,-12814,8,-18440
12319,12.319,1,angle_p45_esc1850,run,1000,1850,-12818,-4,-18444
12340,12.340,1,angle_p45_esc1850,run,1000,1850,-12815,3,-18441
12360,12.360,1,angle_p45_esc1850,run,1000,1850,-12816,-1,-18442
12380,12.380,1,angle_p45_esc1850,run,1000,1850,-12814,2,-18440
12400,12.400,1,angle_p45_esc1850,run,1000,1850,-12807,7,-18433
12420,12.420,1,angle_p45_esc1850,run,1000,1850,-12815,-8,-18441
12440,12.440,1,angle_p45_esc1850,run,1000,1850,-12812,3,-18438
12460,12.460,1,angle_p45_esc1850,run,1000,1850,-12816,-4,-18442
12480,12.480,1,angle_p45_esc1850,run,1000,1850,-12820,-4,-18446
12500,12.500,1,angle_p45_esc1850,run,1000,1850,-12815,5,-18441
12520,12.520,1,angle_p45_esc1850,run,1000,1850,-12821,-6,-18447
12540,12.540,1,angle_p45_esc1850,run,1000,1850,-12816,5,-18442
12560,12.560,1,angle_p45_esc1850,run,1000,1850,-12812,4,-18438
12580,12.580,1,angle_p45_esc1850,run,1000,1850,-12816,-4,-18442
12600,12.600,1,angle_p45_esc1850,run,1000,1850,-12807,9,-18433
12620,12.620,1,angle_p45_esc1850,run,1000,1850,-12814,-7,-18440
12654,12.654,1,angle_p45_esc1850,run,1000,1850,-12817,-3,-18443
12674,12.674,1,angle_p45_esc1850,run,1000,1850,-12822,-5,-18448
12694,12.694,1,angle_p45_esc1850,run,1000,1850,-12814,8,-18440
12714,12.714,1,angle_p45_esc1850,run,1000,1850,-12815,-1,-18441
12734,12.734,1,angle_p45_esc1850,run,1000,1850,-12813,2,-18439
12754,12.754,1,angle_p45_esc1850,run,1000,1850,-12807,6,-18433
12774,12.774,1,angle_p45_esc1850,run,1000,1850,-12816,-9,-18442
12794,12.794,1,angle_p45_esc1850,run,1000,1850,-12812,4,-18438
12814,12.814,1,angle_p45_esc1850,run,1000,1850,-12817,-5,-18443
12834,12.834,1,angle_p45_esc1850,run,1000,1850,-12821,-4,-18447
12854,12.854,1,angle_p45_esc1850,run,1000,1850,-12815,6,-18441
12874,12.874,1,angle_p45_esc1850,run,1000,1850,-12820,-5,-18446
12894,12.894,1,angle_p45_esc1850,run,1000,1850,-12814,6,-18440
12914,12.914,1,angle_p45_esc1850,run,1000,1850,-12810,4,-18436
12934,12.934,1,angle_p45_esc1850,run,1000,1850,-12815,-5,-18441
12954,12.954,1,angle_p45_esc1850,run,1000,1850,-12808,7,-18434
12974,12.974,1,angle_p45_esc1850,run,1000,1850,-12816,-8,-18442
12994,12.994,1,angle_p45_esc1850,run,1000,1850,-12816,0,-18442
13014,13.014,1,angle_p45_esc1850,run,1000,1850,-12814,2,-18440
13034,13.034,1,angle_p45_esc1850,run,1000,1850,-12821,-7,-18447
13054,13.054,1,angle_p45_esc1850,run,1000,1850,-12816,5,-18442
13074,13.074,1,angle_p45_esc1850,run,1000,1850,-12818,-2,-18444
13094,13.094,1,angle_p45_esc1850,run,1000,1850,-12817,1,-18443
13114,13.114,1,angle_p45_esc1850,run,1000,1850,-12809,8,-18435
13134,13.134,1,angle_p45_esc1850,run,1000,1850,-12816,-7,-18442
13154,13.154,1,angle_p45_esc1850,run,1000,1850,-12811,5,-18437
13174,13.174,1,angle_p45_esc1850,run,1000,1850,-12813,-2,-18439
13194,13.194,1,angle_p45_esc1850,run,1000,1850,-12818,-5,-18444
13214,13.214,1,angle_p45_esc1850,run,1000,1850,-12814,4,-18440
13234,13.234,1,angle_p45_esc1850,run,1000,1850,-12821,-7,-18447
13254,13.254,1,angle_p45_esc1850,run,1000,1850,-12817,4,-18443
13274,13.274,1,angle_p45_esc1850,run,1000,1850,-12813,4,-18439
13294,13.294,1,angle_p45_esc1850,run,1000,1850,-12817,-4,-18443
13314,13.314,1,angle_p45_esc1850,run,1000,1850,-12808,9,-18434
13334,13.334,1,angle_p45_esc1850,run,1000,1850,-12814,-6,-18440
13354,13.354,1,angle_p45_esc1850,run,1000,1850,-12815,-1,-18441
13374,13.374,1,angle_p45_esc1850,run,1000,1850,-12813,2,-18439
13394,13.394,1,angle_p45_esc1850,run,1000,1850,-12822,-9,-18448
13414,13.414,1,angle_p45_esc1850,run,1000,1850,-12817,5,-18443
13434,13.434,1,angle_p45_esc1850,run,1000,1850,-12817,0,-18443
13454,13.454,1,angle_p45_esc1850,run,1000,1850,-12818,-1,-18444
13474,13.474,1,angle_p45_esc1850,run,1000,1850,-12809,9,-18435
13494,13.494,1,angle_p45_esc1850,run,1000,1850,-12816,-7,-18442
13514,13.514,1,angle_p45_esc1850,run,1000,1850,-12811,5,-18437
13534,13.534,1,angle_p45_esc1850,run,1000,1850,-12812,-1,-18438
13554,13.554,1,angle_p45_esc1850,run,1000,1850,-12819,-7,-18445
13574,13.574,1,angle_p45_esc1850,run,1000,1850,-12815,4,-18441
13594,13.594,1,angle_p45_esc1850,run,1000,1850,-12820,-5,-18446
13614,13.614,1,angle_p45_esc1850,run,1000,1850,-12818,2,-18444
13634,13.634,1,angle_p45_esc1850,run,1000,1850,-12813,5,-18439
13654,13.654,1,angle_p45_esc1850,run,1000,1850,-12818,-5,-18444
13674,13.674,1,angle_p45_esc1850,run,1000,1850,-12809,9,-18435
13694,13.694,1,angle_p45_esc1850,run,1000,1850,-12813,-4,-18439
13714,13.714,1,angle_p45_esc1850,run,1000,1850,-12815,-2,-18441
13734,13.734,1,angle_p45_esc1850,run,1000,1850,-12812,3,-18438
13754,13.754,1,angle_p45_esc1850,run,1000,1850,-12821,-9,-18447
13774,13.774,1,angle_p45_esc1850,run,1000,1850,-12816,5,-18442
13794,13.794,1,angle_p45_esc1850,run,1000,1850,-12818,-2,-18444
13814,13.814,1,angle_p45_esc1850,run,1000,1850,-12819,-1,-18445
13834,13.834,1,angle_p45_esc1850,run,1000,1850,-12809,10,-18435
13854,13.854,1,angle_p45_esc1850,run,1000,1850,-12816,-7,-18442
13874,13.874,1,angle_p45_esc1850,run,1000,1850,-12811,5,-18437
13894,13.894,1,angle_p45_esc1850,run,1000,1850,-12812,-1,-18438
13914,13.914,1,angle_p45_esc1850,run,1000,1850,-12819,-7,-18445
13953,13.953,1,angle_p45_esc1850,run,1000,1850,-12816,3,-18442
13973,13.973,1,angle_p45_esc1850,run,1000,1850,-12819,-3,-18445
13993,13.993,1,angle_p45_esc1850,run,1000,1850,-12809,10,-18435
14013,14.013,1,angle_p45_esc1850,run,1000,1850,-12814,-5,-18440
14033,14.033,1,angle_p45_esc1850,run,1000,1850,-12813,1,-18439
14053,14.053,1,angle_p45_esc1850,run,1000,1850,-12811,2,-18437
14073,14.073,1,angle_p45_esc1850,run,1000,1850,-12820,-9,-18446
14093,14.093,1,angle_p45_esc1850,run,1000,1850,-12816,4,-18442
14113,14.113,1,angle_p45_esc1850,run,1000,1850,-12818,-2,-18444
14133,14.133,1,angle_p45_esc1850,run,1000,1850,-12820,-2,-18446
14153,14.153,1,angle_p45_esc1850,run,1000,1850,-12810,10,-18436
14173,14.173,1,angle_p45_esc1850,run,1000,1850,-12817,-7,-18443
14193,14.193,1,angle_p45_esc1850,run,1000,1850,-12811,6,-18437
14213,14.213,1,angle_p45_esc1850,run,1000,1850,-12811,0,-18437
14233,14.233,1,angle_p45_esc1850,run,1000,1850,-12817,-6,-18443
14253,14.253,1,angle_p45_esc1850,run,1000,1850,-12813,4,-18439
14273,14.273,1,angle_p45_esc1850,run,1000,1850,-12820,-7,-18446
14293,14.293,1,angle_p45_esc1850,run,1000,1850,-12818,2,-18444
14313,14.313,1,angle_p45_esc1850,run,1000,1850,-12815,3,-18441
14333,14.333,1,angle_p45_esc1850,run,1000,1850,-12820,-5,-18446
14353,14.353,1,angle_p45_esc1850,run,1000,1850,-12810,10,-18436
14373,14.373,1,angle_p45_esc1850,run,1000,1850,-12813,-3,-18439
14393,14.393,1,angle_p45_esc1850,run,1000,1850,-12814,-1,-18440
14413,14.413,1,angle_p45_esc1850,run,1000,1850,-12809,5,-18435
14433,14.433,1,angle_p45_esc1850,run,1000,1850,-12819,-10,-18445
14453,14.453,1,angle_p45_esc1850,run,1000,1850,-12815,4,-18441
14473,14.473,1,angle_p45_esc1850,run,1000,1850,-12819,-4,-18445
14493,14.493,1,angle_p45_esc1850,run,1000,1850,-12821,-2,-18447
14513,14.513,1,angle_p45_esc1850,run,1000,1850,-12812,9,-18438
14533,14.533,1,angle_p45_esc1850,run,1000,1850,-12818,-6,-18444
14553,14.553,1,angle_p45_esc1850,run,1000,1850,-12811,7,-18437
14573,14.573,1,angle_p45_esc1850,run,1000,1850,-12810,1,-18436
14593,14.593,1,angle_p45_esc1850,run,1000,1850,-12816,-6,-18442
14613,14.613,1,angle_p45_esc1850,run,1000,1850,-12811,5,-18437
14633,14.633,1,angle_p45_esc1850,run,1000,1850,-12820,-9,-18446
14653,14.653,1,angle_p45_esc1850,run,1000,1850,-12818,2,-18444
14673,14.673,1,angle_p45_esc1850,run,1000,1850,-12815,3,-18441
14693,14.693,1,angle_p45_esc1850,run,1000,1850,-12821,-6,-18447
14713,14.713,1,angle_p45_esc1850,run,1000,1850,-12811,10,-18437
14733,14.733,1,angle_p45_esc1850,run,1000,1850,-12812,-1,-18438
14753,14.753,1,angle_p45_esc1850,run,1000,1850,-12813,-1,-18439
14773,14.773,1,angle_p45_esc1850,run,1000,1850,-12809,4,-18435
14793,14.793,1,angle_p45_esc1850,run,1000,1850,-12819,-10,-18445
14813,14.813,1,angle_p45_esc1850,run,1000,1850,-12815,4,-18441
14833,14.833,1,angle_p45_esc1850,run,1000,1850,-12818,-3,-18444
14853,14.853,1,angle_p45_esc1850,run,1000,1850,-12821,-3,-18447
14873,14.873,1,angle_p45_esc1850,run,1000,1850,-12813,8,-18439
14893,14.893,1,angle_p45_esc1850,run,1000,1850,-12817,-4,-18443
14913,14.913,1,angle_p45_esc1850,run,1000,1850,-12812,5,-18438
14933,14.933,1,angle_p45_esc1850,run,1000,1850,-12808,4,-18434
14953,14.953,1,angle_p45_esc1850,run,1000,1850,-12816,-8,-18442
14973,14.973,1,angle_p45_esc1850,run,1000,1850,-12811,5,-18437
14993,14.993,1,angle_p45_esc1850,run,1000,1850,-12819,-8,-18445
15013,15.013,1,angle_p45_esc1850,run,1000,1850,-12820,-1,-18446
15033,15.033,1,angle_p45_esc1850,run,1000,1850,-12815,5,-18441
15053,15.053,1,angle_p45_esc1850,run,1000,1850,-12820,-5,-18446
15073,15.073,1,angle_p45_esc1850,run,1000,1850,-12812,8,-18438
15093,15.093,1,angle_p45_esc1850,run,1000,1850,-12811,1,-18437
15113,15.113,1,angle_p45_esc1850,run,1000,1850,-12814,-3,-18440
15133,15.133,1,angle_p45_esc1850,run,1000,1850,-12808,6,-18434
15153,15.153,1,angle_p45_esc1850,run,1000,1850,-12818,-10,-18444
15173,15.173,1,angle_p45_esc1850,run,1000,1850,-12816,2,-18442
15193,15.193,1,angle_p45_esc1850,run,1000,1850,-12817,-1,-18443
15213,15.213,1,angle_p45_esc1850,run,1000,1850,-12822,-5,-18448
15253,15.253,1,angle_p45_esc1850,run,1000,1850,-12818,4,-18444
15273,15.273,1,angle_p45_esc1850,run,1000,1850,-12814,4,-18440
15293,15.293,1,angle_p45_esc1850,run,1000,1850,-12808,6,-18434
15313,15.313,1,angle_p45_esc1850,run,1000,1850,-12816,-8,-18442
15333,15.333,1,angle_p45_esc1850,run,1000,1850,-12813,3,-18439
15353,15.353,1,angle_p45_esc1850,run,1000,1850,-12817,-4,-18443
15373,15.373,1,angle_p45_esc1850,run,1000,1850,-12821,-4,-18447
15393,15.393,1,angle_p45_esc1850,run,1000,1850,-12815,6,-18441
15413,15.413,1,angle_p45_esc1850,run,1000,1850,-12819,-4,-18445
15433,15.433,1,angle_p45_esc1850,run,1000,1850,-12815,4,-18441
15453,15.453,1,angle_p45_esc1850,run,1000,1850,-12809,6,-18435
15473,15.473,1,angle_p45_esc1850,run,1000,1850,-12816,-7,-18442
15493,15.493,1,angle_p45_esc1850,run,1000,1850,-12811,5,-18437
15513,15.513,1,angle_p45_esc1850,run,1000,1850,-12816,-5,-18442
15533,15.533,1,angle_p45_esc1850,run,1000,1850,-12819,-3,-18445
15553,15.553,1,angle_p45_esc1850,run,1000,1850,-12816,3,-18442
15573,15.573,1,angle_p45_esc1850,run,1000,1850,-12821,-5,-18447
15593,15.593,1,angle_p45_esc1850,run,1000,1850,-12816,5,-18442
15614,15.614,1,angle_p45_esc1850,run,1000,1850,-12819,-3,-18445
15634,15.634,1,angle_p45_esc1850,run,1000,1850,-12816,3,-18442
15654,15.654,1,angle_p45_esc1850,run,1000,1850,-12810,6,-18436
15674,15.674,1,angle_p45_esc1850,run,1000,1850,-12816,-6,-18442
15694,15.694,1,angle_p45_esc1850,run,1000,1850,-12810,6,-18436
15714,15.714,1,angle_p45_esc1850,run,1000,1850,-12814,-4,-18440
15734,15.734,1,angle_p45_esc1850,run,1000,1850,-12818,-4,-18444
15754,15.754,1,angle_p45_esc1850,run,1000,1850,-12814,4,-18440
15774,15.774,1,angle_p45_esc1850,run,1000,1850,-12821,-7,-18447
15794,15.794,1,angle_p45_esc1850,run,1000,1850,-12817,4,-18443
15814,15.814,1,angle_p45_esc1850,run,1000,1850,-12815,2,-18441
15834,15.834,1,angle_p45_esc1850,run,1000,1850,-12818,-3,-18444
15854,15.854,1,angle_p45_esc1850,run,1000,1850,-12809,9,-18435
15874,15.874,1,angle_p45_esc1850,run,1000,1850,-12814,-5,-18440
15894,15.894,1,angle_p45_esc1850,run,1000,1850,-12813,1,-18439
15914,15.914,1,angle_p45_esc1850,run,1000,1850,-12811,2,-18437
15935,15.935,1,angle_p45_esc1850,run,1000,1850,-12814,-3,-18440
15955,15.955,1,angle_p45_esc1850,run,1000,1850,-12811,3,-18437
15975,15.975,1,angle_p45_esc1850,run,1000,1850,-12819,-8,-18445
15995,15.995,1,angle_p45_esc1850,run,1000,1850,-12816,3,-18442
16015,16.015,1,angle_p45_esc1850,run,1000,1850,-12817,-1,-18443
16035,16.035,1,angle_p45_esc1850,run,1000,1850,-12819,-2,-18445
16055,16.055,1,angle_p45_esc1850,run,1000,1850,-12812,7,-18438
16075,16.075,1,angle_p45_esc1850,run,1000,1850,-12815,-3,-18441
16096,16.096,1,angle_p45_esc1850,run,1000,1850,-12812,3,-18438
16116,16.116,1,angle_p45_esc1850,run,1000,1850,-12813,-1,-18439
16137,16.137,1,angle_p45_esc1850,run,1000,1850,-12813,0,-18439
16157,16.157,1,angle_p45_esc1850,run,1000,1850,-12811,2,-18437
16177,16.177,1,angle_p45_esc1850,run,1000,1850,-12814,-3,-18440
16197,16.197,1,angle_p45_esc1850,run,1000,1850,-12809,5,-18435
16217,16.217,1,angle_p45_esc1850,run,1000,1850,-12817,-8,-18443
16237,16.237,1,angle_p45_esc1850,run,1000,1850,-12816,1,-18442
16257,16.257,1,angle_p45_esc1850,run,1000,1850,-12816,0,-18442
16278,16.278,1,angle_p45_esc1850,run,1000,1850,-12818,-2,-18444
16298,16.298,1,angle_p45_esc1850,run,1000,1850,-12815,3,-18441
16318,16.318,1,angle_p45_esc1850,run,1000,1850,-12819,-4,-18445
16339,16.339,1,angle_p45_esc1850,run,1000,1850,-12815,4,-18441
16359,16.359,1,angle_p45_esc1850,run,1000,1850,-12818,-3,-18444
16379,16.379,1,angle_p45_esc1850,run,1000,1850,-12815,3,-18441
16399,16.399,1,angle_p45_esc1850,run,1000,1850,-12810,5,-18436
16420,16.420,1,angle_p45_esc1850,run,1000,1850,-12816,-6,-18442
16440,16.440,1,angle_p45_esc1850,run,1000,1850,-12809,7,-18435
16460,16.460,1,angle_p45_esc1850,run,1000,1850,-12816,-7,-18442
16480,16.480,1,angle_p45_esc1850,run,1000,1850,-12811,5,-18437
16500,16.500,1,angle_p45_esc1850,run,1000,1850,-12814,-3,-18440
16520,16.520,1,angle_p45_esc1850,run,1000,1850,-12819,-5,-18445
16540,16.540,1,angle_p45_esc1850,run,1000,1850,-12815,4,-18441
16577,16.577,1,angle_p45_esc1850,run,1000,1850,-12815,0,-18441
16597,16.597,1,angle_p45_esc1850,run,1000,1850,-12819,-4,-18445
16618,16.618,1,angle_p45_esc1850,run,1000,1850,-12814,5,-18440
16639,16.639,1,angle_p45_esc1850,run,1000,1850,-12816,-2,-18442
16660,16.660,1,angle_p45_esc1850,run,1000,1850,-12814,2,-18440
16680,16.680,1,angle_p45_esc1850,run,1000,1850,-12816,-2,-18442
16700,16.700,1,angle_p45_esc1850,run,1000,1850,-12814,2,-18440
16720,16.720,1,angle_p45_esc1850,run,1000,1850,-12820,-6,-18446
16740,16.740,1,angle_p45_esc1850,run,1000,1850,-12816,4,-18442
16760,16.760,1,angle_p45_esc1850,run,1000,1850,-12814,2,-18440
16780,16.780,1,angle_p45_esc1850,run,1000,1850,-12817,-3,-18443
16800,16.800,1,angle_p45_esc1850,run,1000,1850,-12810,7,-18436
16820,16.820,1,angle_p45_esc1850,run,1000,1850,-12814,-4,-18440
16840,16.840,1,angle_p45_esc1850,run,1000,1850,-12814,0,-18440
16860,16.860,1,angle_p45_esc1850,run,1000,1850,-12813,1,-18439
16880,16.880,1,angle_p45_esc1850,run,1000,1850,-12819,-6,-18445
16900,16.900,1,angle_p45_esc1850,run,1000,1850,-12815,4,-18441
16920,16.920,1,angle_p45_esc1850,run,1000,1850,-12816,-1,-18442
16941,16.941,1,angle_p45_esc1850,run,1000,1850,-12817,-1,-18443
16962,16.962,1,angle_p45_esc1850,run,1000,1850,-12818,-1,-18444
16983,16.983,1,angle_p45_esc1850,run,1000,1850,-12814,4,-18440
17004,17.004,1,angle_p45_esc1850,run,1000,1850,-12817,-3,-18443
17025,17.025,1,angle_p45_esc1850,run,1000,1850,-12810,7,-18436
17046,17.046,1,angle_p45_esc1850,run,1000,1850,-12816,-6,-18442
17067,17.067,1,angle_p45_esc1850,run,1000,1850,-12808,8,-18434
17088,17.088,1,angle_p45_esc1850,run,1000,1850,-12816,-8,-18442
17109,17.109,1,angle_p45_esc1850,run,1000,1850,-12810,6,-18436
17129,17.129,1,angle_p45_esc1850,run,1000,1850,-12816,-6,-18442
17149,17.149,1,angle_p45_esc1850,run,1000,1850,-12809,7,-18435
17170,17.170,1,angle_p45_esc1850,run,1000,1850,-12816,-7,-18442
17190,17.190,1,angle_p45_esc1850,run,1000,1850,-12811,5,-18437
17210,17.210,1,angle_p45_esc1850,run,1000,1850,-12814,-3,-18440
17230,17.230,1,angle_p45_esc1850,run,1000,1850,-12818,-4,-18444
17250,17.250,1,angle_p45_esc1850,run,1000,1850,-12814,4,-18440
17270,17.270,1,angle_p45_esc1850,run,1000,1850,-12819,-5,-18445
17290,17.290,1,angle_p45_esc1850,run,1000,1850,-12816,3,-18442
17310,17.310,1,angle_p45_esc1850,run,1000,1850,-12812,4,-18438
17330,17.330,1,angle_p45_esc1850,run,1000,1850,-12817,-5,-18443
17350,17.350,1,angle_p45_esc1850,run,1000,1850,-12810,7,-18436
17370,17.370,1,angle_p45_esc1850,run,1000,1850,-12814,-4,-18440
17390,17.390,1,angle_p45_esc1850,run,1000,1850,-12816,-2,-18442
17410,17.410,1,angle_p45_esc1850,run,1000,1850,-12813,3,-18439
17430,17.430,1,angle_p45_esc1850,run,1000,1850,-12820,-7,-18446
17450,17.450,1,angle_p45_esc1850,run,1000,1850,-12815,5,-18441
17470,17.470,1,angle_p45_esc1850,run,1000,1850,-12815,0,-18441
17490,17.490,1,angle_p45_esc1850,run,1000,1850,-12817,-2,-18443
17510,17.510,1,angle_p45_esc1850,run,1000,1850,-12811,6,-18437
17530,17.530,1,angle_p45_esc1850,run,1000,1850,-12814,-3,-18440
17550,17.550,1,angle_p45_esc1850,run,1000,1850,-12813,1,-18439
17570,17.570,1,angle_p45_esc1850,run,1000,1850,-12812,1,-18438
17591,17.591,1,angle_p45_esc1850,run,1000,1850,-12814,-2,-18440
17611,17.611,1,angle_p45_esc1850,run,1000,1850,-12811,3,-18437
17632,17.632,1,angle_p45_esc1850,run,1000,1850,-12815,-4,-18441
17653,17.653,1,angle_p45_esc1850,run,1000,1850,-12809,6,-18435
17673,17.673,1,angle_p45_esc1850,run,1000,1850,-12816,-7,-18442
17693,17.693,1,angle_p45_esc1850,run,1000,1850,-12812,4,-18438
17714,17.714,1,angle_p45_esc1850,run,1000,1850,-12816,-4,-18442
17735,17.735,1,angle_p45_esc1850,run,1000,1850,-12809,7,-18435
17756,17.756,1,angle_p45_esc1850,run,1000,1850,-12816,-7,-18442
17776,17.776,1,angle_p45_esc1850,run,1000,1850,-12810,6,-18436
17797,17.797,1,angle_p45_esc1850,run,1000,1850,-12816,-6,-18442
17817,17.817,1,angle_p45_esc1850,run,1000,1850,-12811,5,-18437
17837,17.837,1,angle_p45_esc1850,run,1000,1850,-12815,-4,-18441
17842,17.842,1,angle_p45_esc1850,endstop_halt,1000,1000,-12813,2,-18439
17883,17.883,1,angle_p45_esc1850,endstop_halt,1000,1000,-12814,-1,-18440
17902,17.902,1,angle_p45_esc1850,endstop_halt,1000,1000,-12813,1,-18439
17922,17.922,1,angle_p45_esc1850,endstop_halt,1000,1000,-12813,0,-18439
17942,17.942,1,angle_p45_esc1850,endstop_halt,1000,1000,-12815,-2,-18441
17962,17.962,1,angle_p45_esc1850,endstop_halt,1000,1000,-12812,3,-18438
17982,17.982,1,angle_p45_esc1850,endstop_halt,1000,1000,-12812,0,-18438
18002,18.002,1,angle_p45_esc1850,endstop_halt,1000,1000,-12810,2,-18436
18022,18.022,1,angle_p45_esc1850,endstop_halt,1000,1000,-12812,-2,-18438
18042,18.042,1,angle_p45_esc1850,endstop_halt,1000,1000,-12812,0,-18438
19564,19.564,1,angle_p45_esc1850,reposition,1000,1750,-12711,101,-18337
19584,19.584,1,angle_p45_esc1850,reposition,1000,1750,-12711,0,-18337
19604,19.604,1,angle_p45_esc1850,reposition,1000,1750,-12711,0,-18337
19624,19.624,1,angle_p45_esc1850,reposition,1000,1750,-12706,5,-18332
19644,19.644,1,angle_p45_esc1850,reposition,1000,1750,-12715,-9,-18341
19664,19.664,1,angle_p45_esc1850,reposition,1000,1750,-12729,-14,-18355
19684,19.684,1,angle_p45_esc1850,reposition,1000,1750,-12738,-9,-18364
19704,19.704,1,angle_p45_esc1850,reposition,1000,1750,-12762,-24,-18388
19724,19.724,1,angle_p45_esc1850,reposition,1000,1750,-12775,-13,-18401
19744,19.744,1,angle_p45_esc1850,reposition,1000,1750,-12783,-8,-18409
19764,19.764,1,angle_p45_esc1850,reposition,1000,1750,-12797,-14,-18423
19784,19.784,1,angle_p45_esc1850,reposition,1000,1750,-12803,-6,-18429
19804,19.804,1,angle_p45_esc1850,reposition,1000,1750,-12812,-9,-18438
19824,19.824,1,angle_p45_esc1850,reposition,1000,1750,-12812,0,-18438
19844,19.844,1,angle_p45_esc1850,reposition,1000,1750,-12811,1,-18437
19864,19.864,1,angle_p45_esc1850,reposition,1000,1750,-12810,1,-18436
19884,19.884,1,angle_p45_esc1850,reposition,1000,1750,-12809,1,-18435
19904,19.904,1,angle_p45_esc1850,reposition,1000,1750,-12813,-4,-18439
19924,19.924,1,angle_p45_esc1850,reposition,1000,1750,-12815,-2,-18441
19944,19.944,1,angle_p45_esc1850,reposition,1000,1750,-12810,5,-18436
19964,19.964,1,angle_p45_esc1850,reposition,1000,1750,-12813,-3,-18439
19984,19.984,1,angle_p45_esc1850,reposition,1000,1750,-12812,1,-18438
20004,20.004,1,angle_p45_esc1850,reposition,1000,1750,-12811,1,-18437
20024,20.024,1,angle_p45_esc1850,reposition,1000,1750,-12813,-2,-18439
20044,20.044,1,angle_p45_esc1850,reposition,1000,1750,-12811,2,-18437
20064,20.064,1,angle_p45_esc1850,reposition,1000,1750,-12811,0,-18437
20084,20.084,1,angle_p45_esc1850,reposition,1000,1750,-12811,0,-18437
20104,20.104,1,angle_p45_esc1850,reposition,1000,1750,-12810,1,-18436
20124,20.124,1,angle_p45_esc1850,reposition,1000,1750,-12813,-3,-18439
20144,20.144,1,angle_p45_esc1850,reposition,1000,1750,-12809,4,-18435
20164,20.164,1,angle_p45_esc1850,reposition,1000,1750,-12813,-4,-18439
20184,20.184,1,angle_p45_esc1850,reposition,1000,1750,-12808,5,-18434
20204,20.204,1,angle_p45_esc1850,reposition,1000,1750,-12814,-6,-18440
20224,20.224,1,angle_p45_esc1850,reposition,1000,1750,-12809,5,-18435
20244,20.244,1,angle_p45_esc1850,reposition,1000,1750,-12813,-4,-18439
20264,20.264,1,angle_p45_esc1850,reposition,1000,1750,-12810,3,-18436
20284,20.284,1,angle_p45_esc1850,reposition,1000,1750,-12813,-3,-18439
20304,20.304,1,angle_p45_esc1850,reposition,1000,1750,-12812,1,-18438
20324,20.324,1,angle_p45_esc1850,reposition,1000,1750,-12812,0,-18438
20344,20.344,1,angle_p45_esc1850,reposition,1000,1750,-12815,-3,-18441
20364,20.364,1,angle_p45_esc1850,reposition,1000,1750,-12813,2,-18439
20384,20.384,1,angle_p45_esc1850,reposition,1000,1750,-12816,-3,-18442
20404,20.404,1,angle_p45_esc1850,reposition,1000,1750,-12813,3,-18439
20424,20.424,1,angle_p45_esc1850,reposition,1000,1750,-12816,-3,-18442
20444,20.444,1,angle_p45_esc1850,reposition,1000,1750,-12814,2,-18440
20464,20.464,1,angle_p45_esc1850,reposition,1000,1750,-12814,0,-18440
20484,20.484,1,angle_p45_esc1850,reposition,1000,1750,-12815,-1,-18441
20504,20.504,1,angle_p45_esc1850,reposition,1000,1750,-12812,3,-18438
20524,20.524,1,angle_p45_esc1850,reposition,1000,1750,-12815,-3,-18441
20560,20.560,1,angle_p45_esc1850,reposition,1000,1750,-12810,5,-18436
20581,20.581,1,angle_p45_esc1850,reposition,1000,1750,-12815,-5,-18441
20601,20.601,1,angle_p45_esc1850,reposition,1000,1750,-12811,4,-18437
20621,20.621,1,angle_p45_esc1850,reposition,1000,1750,-12814,-3,-18440
20641,20.641,1,angle_p45_esc1850,reposition,1000,1750,-12814,0,-18440
20661,20.661,1,angle_p45_esc1850,reposition,1000,1750,-12813,1,-18439
20681,20.681,1,angle_p45_esc1850,reposition,1000,1750,-12816,-3,-18442
20701,20.701,1,angle_p45_esc1850,reposition,1000,1750,-12813,3,-18439
20721,20.721,1,angle_p45_esc1850,reposition,1000,1750,-12816,-3,-18442
20741,20.741,1,angle_p45_esc1850,reposition,1000,1750,-12813,3,-18439
20761,20.761,1,angle_p45_esc1850,reposition,1000,1750,-12815,-2,-18441
20781,20.781,1,angle_p45_esc1850,reposition,1000,1750,-12814,1,-18440
20801,20.801,1,angle_p45_esc1850,reposition,1000,1750,-12813,1,-18439
20821,20.821,1,angle_p45_esc1850,reposition,1000,1750,-12814,-1,-18440
20841,20.841,1,angle_p45_esc1850,reposition,1000,1750,-12811,3,-18437
20861,20.861,1,angle_p45_esc1850,reposition,1000,1750,-12814,-3,-18440
20881,20.881,1,angle_p45_esc1850,reposition,1000,1750,-12810,4,-18436
20901,20.901,1,angle_p45_esc1850,reposition,1000,1750,-12814,-4,-18440
20921,20.921,1,angle_p45_esc1850,reposition,1000,1750,-12811,3,-18437
20941,20.941,1,angle_p45_esc1850,reposition,1000,1750,-12812,-1,-18438
20961,20.961,1,angle_p45_esc1850,reposition,1000,1750,-12813,-1,-18439
20981,20.981,1,angle_p45_esc1850,reposition,1000,1750,-12810,3,-18436
21001,21.001,1,angle_p45_esc1850,reposition,1000,1750,-12814,-4,-18440
21021,21.021,1,angle_p45_esc1850,reposition,1000,1750,-12809,5,-18435
21041,21.041,1,angle_p45_esc1850,reposition,1000,1750,-12813,-4,-18439
21061,21.061,1,angle_p45_esc1850,reposition,1000,1750,-12809,4,-18435
21081,21.081,1,angle_p45_esc1850,reposition,1000,1750,-12813,-4,-18439
21101,21.101,1,angle_p45_esc1850,reposition,1000,1750,-12811,2,-18437
21121,21.121,1,angle_p45_esc1850,reposition,1000,1750,-12812,-1,-18438
21141,21.141,1,angle_p45_esc1850,reposition,1000,1750,-12814,-2,-18440
21161,21.161,1,angle_p45_esc1850,reposition,1000,1750,-12812,2,-18438
21181,21.181,1,angle_p45_esc1850,reposition,1000,1750,-12815,-3,-18441
21201,21.201,1,angle_p45_esc1850,reposition,1000,1750,-12812,3,-18438
21221,21.221,1,angle_p45_esc1850,reposition,1000,1750,-12815,-3,-18441
21241,21.241,1,angle_p45_esc1850,reposition,1000,1750,-12812,3,-18438
21261,21.261,1,angle_p45_esc1850,reposition,1000,1750,-12815,-3,-18441
21281,21.281,1,angle_p45_esc1850,reposition,1000,1750,-12814,1,-18440
21301,21.301,1,angle_p45_esc1850,reposition,1000,1750,-12814,0,-18440
21321,21.321,1,angle_p45_esc1850,reposition,1000,1750,-12815,-1,-18441
21341,21.341,1,angle_p45_esc1850,reposition,1000,1750,-12813,2,-18439
21361,21.361,1,angle_p45_esc1850,reposition,1000,1750,-12815,-2,-18441
21381,21.381,1,angle_p45_esc1850,reposition,1000,1750,-12812,3,-18438
21401,21.401,1,angle_p45_esc1850,reposition,1000,1750,-12816,-4,-18442
21421,21.421,1,angle_p45_esc1850,reposition,1000,1750,-12813,3,-18439
21441,21.441,1,angle_p45_esc1850,reposition,1000,1750,-12815,-2,-18441
21461,21.461,1,angle_p45_esc1850,reposition,1000,1750,-12813,2,-18439
21481,21.481,1,angle_p45_esc1850,reposition,1000,1750,-12813,0,-18439
21501,21.501,1,angle_p45_esc1850,reposition,1000,1750,-12813,0,-18439
21521,21.521,1,angle_p45_esc1850,reposition,1000,1750,-12811,2,-18437
21541,21.541,1,angle_p45_esc1850,reposition,1000,1750,-12813,-2,-18439
21561,21.561,1,angle_p45_esc1850,reposition,1000,1750,-12810,3,-18436
21581,21.581,1,angle_p45_esc1850,reposition,1000,1750,-12814,-4,-18440
21601,21.601,1,angle_p45_esc1850,reposition,1000,1750,-12808,6,-18434
21621,21.621,1,angle_p45_esc1850,reposition,1000,1750,-12813,-5,-18439
21641,21.641,1,angle_p45_esc1850,reposition,1000,1750,-12808,5,-18434
21661,21.661,1,angle_p45_esc1850,reposition,1000,1750,-12813,-5,-18439
21681,21.681,1,angle_p45_esc1850,reposition,1000,1750,-12809,4,-18435
21701,21.701,1,angle_p45_esc1850,reposition,1000,1750,-12813,-4,-18439
21740,21.740,1,angle_p45_esc1850,reposition,1000,1750,-12813,0,-18439
21760,21.760,1,angle_p45_esc1850,reposition,1000,1750,-12809,4,-18435
21780,21.780,1,angle_p45_esc1850,reposition,1000,1750,-12813,-4,-18439
21800,21.800,1,angle_p45_esc1850,reposition,1000,1750,-12811,2,-18437
21820,21.820,1,angle_p45_esc1850,reposition,1000,1750,-12812,-1,-18438
21840,21.840,1,angle_p45_esc1850,reposition,1000,1750,-12813,-1,-18439
21860,21.860,1,angle_p45_esc1850,reposition,1000,1750,-12812,1,-18438
21880,21.880,1,angle_p45_esc1850,reposition,1000,1750,-12814,-2,-18440
21900,21.900,1,angle_p45_esc1850,reposition,1000,1750,-12812,2,-18438
21920,21.920,1,angle_p45_esc1850,reposition,1000,1750,-12816,-4,-18442
21940,21.940,1,angle_p45_esc1850,reposition,1000,1750,-12813,3,-18439
21960,21.960,1,angle_p45_esc1850,reposition,1000,1750,-12816,-3,-18442
21980,21.980,1,angle_p45_esc1850,reposition,1000,1750,-12813,3,-18439
22000,22.000,1,angle_p45_esc1850,reposition,1000,1750,-12817,-4,-18443
22020,22.020,1,angle_p45_esc1850,reposition,1000,1750,-12814,3,-18440
22040,22.040,1,angle_p45_esc1850,reposition,1000,1750,-12815,-1,-18441
22060,22.060,1,angle_p45_esc1850,reposition,1000,1750,-12814,1,-18440
22080,22.080,1,angle_p45_esc1850,reposition,1000,1750,-12814,0,-18440
22100,22.100,1,angle_p45_esc1850,reposition,1000,1750,-12814,0,-18440
22120,22.120,1,angle_p45_esc1850,reposition,1000,1750,-12813,1,-18439
22140,22.140,1,angle_p45_esc1850,reposition,1000,1750,-12814,-1,-18440
22160,22.160,1,angle_p45_esc1850,reposition,1000,1750,-12811,3,-18437
22180,22.180,1,angle_p45_esc1850,reposition,1000,1750,-12814,-3,-18440
22200,22.200,1,angle_p45_esc1850,reposition,1000,1750,-12810,4,-18436
22220,22.220,1,angle_p45_esc1850,reposition,1000,1750,-12814,-4,-18440
22240,22.240,1,angle_p45_esc1850,reposition,1000,1750,-12810,4,-18436
22260,22.260,1,angle_p45_esc1850,reposition,1000,1750,-12813,-3,-18439
22280,22.280,1,angle_p45_esc1850,reposition,1000,1750,-12811,2,-18437
22300,22.300,1,angle_p45_esc1850,reposition,1000,1750,-12812,-1,-18438
22320,22.320,1,angle_p45_esc1850,reposition,1000,1750,-12812,0,-18438
22340,22.340,1,angle_p45_esc1850,reposition,1000,1750,-12811,1,-18437
22360,22.360,1,angle_p45_esc1850,reposition,1000,1750,-12813,-2,-18439
22380,22.380,1,angle_p45_esc1850,reposition,1000,1750,-12810,3,-18436
22400,22.400,1,angle_p45_esc1850,reposition,1000,1750,-12814,-4,-18440
22420,22.420,1,angle_p45_esc1850,reposition,1000,1750,-12810,4,-18436
22440,22.440,1,angle_p45_esc1850,reposition,1000,1750,-12815,-5,-18441
22460,22.460,1,angle_p45_esc1850,reposition,1000,1750,-12810,5,-18436
22480,22.480,1,angle_p45_esc1850,reposition,1000,1750,-12814,-4,-18440
22500,22.500,1,angle_p45_esc1850,reposition,1000,1750,-12812,2,-18438
22520,22.520,1,angle_p45_esc1850,reposition,1000,1750,-12814,-2,-18440
22540,22.540,1,angle_p45_esc1850,reposition,1000,1750,-12813,1,-18439
22560,22.560,1,angle_p45_esc1850,reposition,1000,1750,-12813,0,-18439
22580,22.580,1,angle_p45_esc1850,reposition,1000,1750,-12815,-2,-18441
22600,22.600,1,angle_p45_esc1850,reposition,1000,1750,-12813,2,-18439
22620,22.620,1,angle_p45_esc1850,reposition,1000,1750,-12816,-3,-18442
22640,22.640,1,angle_p45_esc1850,reposition,1000,1750,-12813,3,-18439
22660,22.660,1,angle_p45_esc1850,reposition,1000,1750,-12816,-3,-18442
22680,22.680,1,angle_p45_esc1850,reposition,1000,1750,-12813,3,-18439
22700,22.700,1,angle_p45_esc1850,reposition,1000,1750,-12815,-2,-18441
22720,22.720,1,angle_p45_esc1850,reposition,1000,1750,-12813,2,-18439
22740,22.740,1,angle_p45_esc1850,reposition,1000,1750,-12814,-1,-18440
22760,22.760,1,angle_p45_esc1850,reposition,1000,1750,-12813,1,-18439
22780,22.780,1,angle_p45_esc1850,reposition,1000,1750,-12813,0,-18439
22800,22.800,1,angle_p45_esc1850,reposition,1000,1750,-12814,-1,-18440
22820,22.820,1,angle_p45_esc1850,reposition,1000,1750,-12811,3,-18437
22840,22.840,1,angle_p45_esc1850,reposition,1000,1750,-12813,-2,-18439
22860,22.860,1,angle_p45_esc1850,reposition,1000,1750,-12810,3,-18436
22880,22.880,1,angle_p45_esc1850,reposition,1000,1750,-12814,-4,-18440
22911,22.911,1,angle_p45_esc1850,reposition,1000,1750,-12811,3,-18437
22931,22.931,1,angle_p45_esc1850,reposition,1000,1750,-12815,-4,-18441
22951,22.951,1,angle_p45_esc1850,reposition,1000,1750,-12812,3,-18438
22971,22.971,1,angle_p45_esc1850,reposition,1000,1750,-12815,-3,-18441
22991,22.991,1,angle_p45_esc1850,reposition,1000,1750,-12812,3,-18438
23011,23.011,1,angle_p45_esc1850,reposition,1000,1750,-12814,-2,-18440
23031,23.031,1,angle_p45_esc1850,reposition,1000,1750,-12812,2,-18438
23051,23.051,1,angle_p45_esc1850,reposition,1000,1750,-12813,-1,-18439
23071,23.071,1,angle_p45_esc1850,reposition,1000,1750,-12812,1,-18438
23091,23.091,1,angle_p45_esc1850,reposition,1000,1750,-12812,0,-18438
23111,23.111,1,angle_p45_esc1850,reposition,1000,1750,-12813,-1,-18439
23131,23.131,1,angle_p45_esc1850,reposition,1000,1750,-12810,3,-18436
23151,23.151,1,angle_p45_esc1850,reposition,1000,1750,-12814,-4,-18440
23171,23.171,1,angle_p45_esc1850,reposition,1000,1750,-12810,4,-18436
23191,23.191,1,angle_p45_esc1850,reposition,1000,1750,-12814,-4,-18440
23212,23.212,1,angle_p45_esc1850,reposition,1000,1750,-12811,3,-18437
23232,23.232,1,angle_p45_esc1850,reposition,1000,1750,-12813,-2,-18439
23252,23.252,1,angle_p45_esc1850,reposition,1000,1750,-12813,0,-18439
23272,23.272,1,angle_p45_esc1850,reposition,1000,1750,-12813,0,-18439
23292,23.292,1,angle_p45_esc1850,reposition,1000,1750,-12815,-2,-18441
23312,23.312,1,angle_p45_esc1850,reposition,1000,1750,-12813,2,-18439
23332,23.332,1,angle_p45_esc1850,reposition,1000,1750,-12816,-3,-18442
23352,23.352,1,angle_p45_esc1850,reposition,1000,1750,-12813,3,-18439
23372,23.372,1,angle_p45_esc1850,reposition,1000,1750,-12816,-3,-18442
23392,23.392,1,angle_p45_esc1850,reposition,1000,1750,-12813,3,-18439
23412,23.412,1,angle_p45_esc1850,reposition,1000,1750,-12815,-2,-18441
23432,23.432,1,angle_p45_esc1850,reposition,1000,1750,-12813,2,-18439
23452,23.452,1,angle_p45_esc1850,reposition,1000,1750,-12814,-1,-18440
23472,23.472,1,angle_p45_esc1850,reposition,1000,1750,-12814,0,-18440
23492,23.492,1,angle_p45_esc1850,reposition,1000,1750,-12812,2,-18438
23512,23.512,1,angle_p45_esc1850,reposition,1000,1750,-12814,-2,-18440
23532,23.532,1,angle_p45_esc1850,reposition,1000,1750,-12811,3,-18437
23552,23.552,1,angle_p45_esc1850,reposition,1000,1750,-12814,-3,-18440
23572,23.572,1,angle_p45_esc1850,reposition,1000,1750,-12810,4,-18436
23592,23.592,1,angle_p45_esc1850,reposition,1000,1750,-12814,-4,-18440
23612,23.612,1,angle_p45_esc1850,reposition,1000,1750,-12809,5,-18435
23632,23.632,1,angle_p45_esc1850,reposition,1000,1750,-12813,-4,-18439
23652,23.652,1,angle_p45_esc1850,reposition,1000,1750,-12809,4,-18435
23672,23.672,1,angle_p45_esc1850,reposition,1000,1750,-12813,-4,-18439
23692,23.692,1,angle_p45_esc1850,reposition,1000,1750,-12810,3,-18436
23712,23.712,1,angle_p45_esc1850,reposition,1000,1750,-12812,-2,-18438
23732,23.732,1,angle_p45_esc1850,reposition,1000,1750,-12811,1,-18437
23752,23.752,1,angle_p45_esc1850,reposition,1000,1750,-12812,-1,-18438
23772,23.772,1,angle_p45_esc1850,reposition,1000,1750,-12812,0,-18438
23792,23.792,1,angle_p45_esc1850,reposition,1000,1750,-12812,0,-18438
23812,23.812,1,angle_p45_esc1850,reposition,1000,1750,-12814,-2,-18440
23832,23.832,1,angle_p45_esc1850,reposition,1000,1750,-12812,2,-18438
23852,23.852,1,angle_p45_esc1850,reposition,1000,1750,-12815,-3,-18441
23872,23.872,1,angle_p45_esc1850,reposition,1000,1750,-12812,3,-18438
23892,23.892,1,angle_p45_esc1850,reposition,1000,1750,-12816,-4,-18442
23912,23.912,1,angle_p45_esc1850,reposition,1000,1750,-12813,3,-18439
23932,23.932,1,angle_p45_esc1850,reposition,1000,1750,-12816,-3,-18442
23952,23.952,1,angle_p45_esc1850,reposition,1000,1750,-12814,2,-18440
23972,23.972,1,angle_p45_esc1850,reposition,1000,1750,-12815,-1,-18441
23992,23.992,1,angle_p45_esc1850,reposition,1000,1750,-12814,1,-18440
24012,24.012,1,angle_p45_esc1850,reposition,1000,1750,-12814,0,-18440
24032,24.032,1,angle_p45_esc1850,reposition,1000,1750,-12815,-1,-18441
24052,24.052,1,angle_p45_esc1850,reposition,1000,1750,-12812,3,-18438
24086,24.086,1,angle_p45_esc1850,reposition,1000,1750,-12811,1,-18437
24105,24.105,1,angle_p45_esc1850,reposition,1000,1750,-12814,-3,-18440
24125,24.125,1,angle_p45_esc1850,reposition,1000,1750,-12812,2,-18438
24145,24.145,1,angle_p45_esc1850,reposition,1000,1750,-12814,-2,-18440
24165,24.165,1,angle_p45_esc1850,reposition,1000,1750,-12811,3,-18437
24185,24.185,1,angle_p45_esc1850,reposition,1000,1750,-12814,-3,-18440
24205,24.205,1,angle_p45_esc1850,reposition,1000,1750,-12810,4,-18436
24225,24.225,1,angle_p45_esc1850,reposition,1000,1750,-12813,-3,-18439
24245,24.245,1,angle_p45_esc1850,reposition,1000,1750,-12810,3,-18436
24265,24.265,1,angle_p45_esc1850,reposition,1000,1750,-12813,-3,-18439
24285,24.285,1,angle_p45_esc1850,reposition,1000,1750,-12810,3,-18436
24305,24.305,1,angle_p45_esc1850,reposition,1000,1750,-12811,-1,-18437
24325,24.325,1,angle_p45_esc1850,reposition,1000,1750,-12812,-1,-18438
24345,24.345,1,angle_p45_esc1850,reposition,1000,1750,-12811,1,-18437
24365,24.365,1,angle_p45_esc1850,reposition,1000,1750,-12813,-2,-18439
24385,24.385,1,angle_p45_esc1850,reposition,1000,1750,-12810,3,-18436
24405,24.405,1,angle_p45_esc1850,reposition,1000,1750,-12814,-4,-18440
24425,24.425,1,angle_p45_esc1850,reposition,1000,1750,-12810,4,-18436
24445,24.445,1,angle_p45_esc1850,reposition,1000,1750,-12814,-4,-18440
24465,24.465,1,angle_p45_esc1850,reposition,1000,1750,-12811,3,-18437
24485,24.485,1,angle_p45_esc1850,reposition,1000,1750,-12814,-3,-18440
24505,24.505,1,angle_p45_esc1850,reposition,1000,1750,-12812,2,-18438
24525,24.525,1,angle_p45_esc1850,reposition,1000,1750,-12813,-1,-18439
24545,24.545,1,angle_p45_esc1850,reposition,1000,1750,-12814,-1,-18440
24565,24.565,1,angle_p45_esc1850,reposition,1000,1750,-12813,1,-18439
24585,24.585,1,angle_p45_esc1850,reposition,1000,1750,-12816,-3,-18442
24605,24.605,1,angle_p45_esc1850,reposition,1000,1750,-12813,3,-18439
24625,24.625,1,angle_p45_esc1850,reposition,1000,1750,-12816,-3,-18442
24645,24.645,1,angle_p45_esc1850,reposition,1000,1750,-12813,3,-18439
24665,24.665,1,angle_p45_esc1850,reposition,1000,1750,-12815,-2,-18441
24685,24.685,1,angle_p45_esc1850,reposition,1000,1750,-12814,1,-18440
24705,24.705,1,angle_p45_esc1850,reposition,1000,1750,-12812,2,-18438
24725,24.725,1,angle_p45_esc1850,reposition,1000,1750,-12815,-3,-18441
24745,24.745,1,angle_p45_esc1850,reposition,1000,1750,-12811,4,-18437
24765,24.765,1,angle_p45_esc1850,reposition,1000,1750,-12814,-3,-18440
24785,24.785,1,angle_p45_esc1850,reposition,1000,1750,-12811,3,-18437
24805,24.805,1,angle_p45_esc1850,reposition,1000,1750,-12813,-2,-18439
24825,24.825,1,angle_p45_esc1850,reposition,1000,1750,-12812,1,-18438
